file_id,student_id,page_id,spine_id,full_name,name,skin_name,spine_remark,name_cn,name_jp,name_tw,name_en,name_kr,school_id,school_name
CH0069,1,1,354,圣园 未花,圣园 未花,,,圣园 未花,聖園 ミカ,聖園 彌香,Misono Mika,미소노 미카,2,圣三一综合学园
NP0010,1,1,1674,圣园 未花（无武器）,圣园 未花,,无武器,圣园 未花,聖園 ミカ,聖園 彌香,Misono Mika,미소노 미카,2,圣三一综合学园
NP0041,1,1,1694,圣园 未花（战损）,圣园 未花,,战损,圣园 未花,聖園 ミカ,聖園 彌香,Misono Mika,미소노 미카,2,圣三一综合学园
NP0100,1,1,1766,圣园 未花（无披肩）,圣园 未花,,无披肩,圣园 未花,聖園 ミカ,聖園 彌香,Misono Mika,미소노 미카,2,圣三一综合学园
NP0101,1,1,1767,圣园 未花（学校泳装）,圣园 未花,,学校泳装,圣园 未花,聖園 ミカ,聖園 彌香,Misono Mika,미소노 미카,2,圣三一综合学园
NP0102,1,1,1768,圣园 未花（运动服）,圣园 未花,,运动服,圣园 未花,聖園 ミカ,聖園 彌香,Misono Mika,미소노 미카,2,圣三一综合学园
CH0294,1,545,1296,圣园 未花（泳装）,圣园 未花,泳装,,圣园 未花（泳装）,聖園 ミカ（水着）,聖園 彌香（泳裝）,Misono Mika,미소노 미카,2,圣三一综合学园
NP0235,2,2,1360,才羽 桃井（防寒服）,才羽 桃井,,防寒服,才羽 桃,才羽 モモイ,才羽 桃井,Saiba Momoi,사이바 모모이,4,千禧科学学院
momoi,2,2,337,才羽 桃井,才羽 桃井,,,才羽 桃,才羽 モモイ,才羽 桃井,Saiba Momoi,사이바 모모이,4,千禧科学学院
CH0201,2,30,1465,才羽 桃井（女仆）,才羽 桃井,女仆,,才羽 桃（女仆）,才羽 モモイ（メイド）,才羽 桃井（女僕）,Saiba Momoi,사이바 모모이,4,千禧科学学院
NP0267,2,579,1382,"才羽 桃井（临战,太空服）",才羽 桃井,临战,太空服,才羽 桃（武装）,才羽 モモイ（臨戦）,才羽 桃井（武裝）,Saiba Momoi,사이바 모모이,4,千禧科学学院
NP0001,3,3,1665,白洲 梓（运动服）,白洲 梓,,运动服,白洲 梓,白洲 アズサ,白洲 梓,Shirasu Azusa,시라스 아즈사,2,圣三一综合学园
NP0002,3,3,1666,白洲 梓（学校泳装）,白洲 梓,,学校泳装,白洲 梓,白洲 アズサ,白洲 梓,Shirasu Azusa,시라스 아즈사,2,圣三一综合学园
NP0020,3,3,1680,白洲 梓（战损）,白洲 梓,,战损,白洲 梓,白洲 アズサ,白洲 梓,Shirasu Azusa,시라스 아즈사,2,圣三一综合学园
azusa,3,3,1236,白洲 梓,白洲 梓,,,白洲 梓,白洲 アズサ,白洲 梓,Shirasu Azusa,시라스 아즈사,2,圣三一综合学园
azusa_swimsuit,3,228,80,白洲 梓（泳装）,白洲 梓,泳装,,白洲 梓（泳装）,白洲 アズサ（水着）,白洲 梓（泳裝）,Shirasu Azusa,시라스 아즈사,2,圣三一综合学园
CH0137,4,4,1596,春原 心奈,春原 心奈,,,春原 心奈,春原 ココナ,春原 心菜,Sunohara Kokona,스노하라 코코나,7,山海经高级中学
CH0357,4,603,1702,春原 心奈（泳装）,春原 心奈,泳装,,春原 心奈（泳装）,春原 ココナ（水着）,春原 心菜（泳裝）,Sunohara Kokona,스노하라 코코나,7,山海经高级中学
NP0018,6,6,1678,月雪 宫子（油桶伪装）,月雪 宫子,,油桶伪装,月雪 宫子,月雪 ミヤコ,月雪 都子,Tsukiyuki Miyako,츠키유키 미야코,11,SRT特殊学园
NP0070,6,6,1739,月雪 宫子（运动服）,月雪 宫子,,运动服,月雪 宫子,月雪 ミヤコ,月雪 都子,Tsukiyuki Miyako,츠키유키 미야코,11,SRT特殊学园
miyako,6,6,1627,月雪 宫子,月雪 宫子,,,月雪 宫子,月雪 ミヤコ,月雪 都子,Tsukiyuki Miyako,츠키유키 미야코,11,SRT特殊学园
CH0215,6,280,1473,月雪 宫子（泳装）,月雪 宫子,泳装,,月雪 宫子（泳装）,月雪 ミヤコ（水着）,月雪 都子（泳裝）,Tsukiyuki Miyako,츠키유키 미야코,11,SRT特殊学园
NP0073,7,7,1742,风仓 萌绘（运动服）,风仓 萌绘,,运动服,风仓 萌绘,風倉 モエ,風倉 萌,Kazekura Moe,카제쿠라 모에,11,SRT特殊学园
moe,7,7,343,风仓 萌绘,风仓 萌绘,,,风仓 萌绘,風倉 モエ,風倉 萌,Kazekura Moe,카제쿠라 모에,11,SRT特殊学园
CH0216,7,286,1474,风仓 萌绘（泳装）,风仓 萌绘,泳装,,风仓 萌绘（泳装）,風倉 モエ（水着）,風倉 萌（泳裝）,Kazekura Moe,카제쿠라 모에,11,SRT特殊学园
CH0144,8,8,1597,空井 咲,空井 咲,,,空井 咲,空井 サキ,空井 咲希,Sorai Saki,소라이 사키,11,SRT特殊学园
NP0018,8,8,1678,空井 咲（油桶伪装）,空井 咲,,油桶伪装,空井 咲,空井 サキ,空井 咲希,Sorai Saki,소라이 사키,11,SRT特殊学园
NP0072,8,8,1741,空井 咲（运动服）,空井 咲,,运动服,空井 咲,空井 サキ,空井 咲希,Sorai Saki,소라이 사키,11,SRT特殊学园
CH0217,8,279,1475,空井 咲（泳装）,空井 咲,泳装,,空井 咲（泳装）,空井 サキ（水着）,空井 咲希（泳裝）,Sorai Saki,소라이 사키,11,SRT特殊学园
CH0145,9,9,1598,霞泽 美游,霞泽 美游,,,霞泽 美游,霞沢 ミユ,霞沢 美優,Kasumizawa Miyu,카스미자와 미유,11,SRT特殊学园
NP0071,9,9,1740,霞泽 美游（运动服）,霞泽 美游,,运动服,霞泽 美游,霞沢 ミユ,霞沢 美優,Kasumizawa Miyu,카스미자와 미유,11,SRT特殊学园
CH0218,9,278,1476,霞泽 美游（泳装）,霞泽 美游,泳装,,霞泽 美游（泳装）,霞沢 ミユ（水着）,霞沢 美優（泳裝）,Kasumizawa Miyu,카스미자와 미유,11,SRT特殊学园
NP0227,10,10,1231,栗村 爱莉（鬼屋装扮）,栗村 爱莉,,鬼屋装扮,栗村 爱理,栗村 アイリ,栗村 愛莉,Kurimura Airi,쿠리무라 아이리,2,圣三一综合学园
airi,10,10,1226,栗村 爱莉,栗村 爱莉,,,栗村 爱理,栗村 アイリ,栗村 愛莉,Kurimura Airi,쿠리무라 아이리,2,圣三一综合学园
CH0251,10,369,1497,栗村 爱莉（乐队）,栗村 爱莉,乐队,,栗村 爱理（乐队）,栗村 アイリ（バンド）,栗村 愛莉（樂團）,Kurimura Airi,쿠리무라 아이리,2,圣三一综合学园
NP0189,10,369,1549,"栗村 爱莉（乐队,白背心）",栗村 爱莉,乐队,白背心,栗村 爱理（乐队）,栗村 アイリ（バンド）,栗村 愛莉（樂團）,Kurimura Airi,쿠리무라 아이리,2,圣三一综合学园
NP0014,11,11,1677,狐坂 若藻（和服）,狐坂 若藻,,和服,狐坂 若藻,狐坂 ワカモ,狐坂 若藻,Kosaka Wakamo,코사카 와카모,9,百鬼夜行联合学园
wakamo,11,11,8,狐坂 若藻,狐坂 若藻,,,狐坂 若藻,狐坂 ワカモ,狐坂 若藻,Kosaka Wakamo,코사카 와카모,9,百鬼夜行联合学园
wakamo_mask,11,11,18,狐坂 若藻（面具）,狐坂 若藻,,面具,狐坂 若藻,狐坂 ワカモ,狐坂 若藻,Kosaka Wakamo,코사카 와카모,9,百鬼夜行联合学园
CH0175,11,41,1613,狐坂 若藻（泳装）,狐坂 若藻,泳装,,狐坂 若藻（泳装）,狐坂 ワカモ（水着）,狐坂 若藻（泳裝）,Kosaka Wakamo,코사카 와카모,9,百鬼夜行联合学园
NP0256,12,12,1378,阿里乌斯学生A,阿里乌斯学生A,,,,アリウスの生徒A,,Arius_GL1,,10,阿里乌斯分校
arius_gl1,12,12,1578,阿里乌斯学生A,阿里乌斯学生A,,,,アリウスの生徒A,,Arius_GL1,,10,阿里乌斯分校
automata_decagrammaton1,13,13,1579,神名十字机器人A,神名十字机器人A,,,,Automata_Decagrammaton1,,,,21,神名十文字
automata_kurokamegumi1,14,14,1580,黑龟组机器人A,黑龟组机器人A,,,,Automata_Kurokamegumi1_spr,,,,18,地方组织与居民
automata_pmc1,15,15,1581,凯撒机器人A,凯撒机器人A,,,,Automata_PMC1,,,,19,凯撒集团
NP0040,17,17,1621,联邦学生会长,联邦学生会长,,,联邦理事会长,連邦生徒会長,聯邦學生會長,GSC President,총학생회장,12,联邦学生会
sena,18,18,1413,冰室 濑名,冰室 濑名,,,冰室 濑名,氷室 セナ,氷室 瀬奈,Himuro Sena,히무로 세나,3,格赫娜学园
CH0082,18,520,1240,冰室 濑名（私服）,冰室 濑名,私服,,冰室 濑名（便服）,氷室 セナ（私服）,氷室 瀬奈（私服）,Himuro Sena,히무로 세나,3,格赫娜学园
NP0011,19,19,1675,戈尔孔达&印花釉法,戈尔孔达&印花釉法,,,戈尔孔达&德卡考马尼,ゴルコンダ&デカルコマニー,戈爾孔特&轉印,Golconde&Decalcomania,골콩트&데칼코마니,20,数秘术
NP0289,19,19,1571,戈尔孔达&印花釉法,戈尔孔达&印花釉法,,,戈尔孔达&德卡考马尼,ゴルコンダ&デカルコマニー,戈爾孔特&轉印,Golconde&Decalcomania,골콩트&데칼코마니,20,数秘术
CH0160,20,20,1602,各务 千寻,各务 千寻,,,各务 千寻,各務 チヒロ,各務 千尋,Kagami Chihiro,카가미 치히로,4,千禧科学学院
CH0234,20,344,1486,各务 千寻（露营）,各务 千寻,露营,,各务 千寻,各務 チヒロ（キャンプ）,各務 千尋（露營）,Kagami Chihiro,카가미 치히로,4,千禧科学学院
CH0313,20,510,1313,各务 千寻（睡衣）,各务 千寻,睡衣,,各务 千寻,各務 チヒロ（パジャマ）,各務 千尋（睡衣）,Kagami Chihiro,카가미 치히로,4,千禧科学学院
mimori,22,22,353,水羽 弥守,水羽 弥守,,,水羽 三森,水羽 ミモリ,水羽 三森,Mizuha Mimori,미즈하 미모리,9,百鬼夜行联合学园
CH0183,22,56,1462,水羽 弥守（泳装）,水羽 弥守,泳装,,水羽 三森（泳装）,水羽 ミモリ（水着）,水羽 三森（泳裝）,Mizuha Mimori,미즈하 미모리,9,百鬼夜行联合学园
CH0169,23,23,1606,古关 忧,古关 忧,,,古关 忧,古関 ウイ,古関 憂,Kozeki Ui,코제키 우이,2,圣三一综合学园
CH0204,23,302,1467,古关 忧（泳装）,古关 忧,泳装,,古关 忧（泳装）,古関 ウイ（水着）,古関 憂（泳裝）,Kozeki Ui,코제키 우이,2,圣三一综合学园
akane,24,24,1232,室笠 茜,室笠 茜,,,室笠 茜,室笠 アカネ,室笠 朱音,Murokasa Akane,무로카사 아카네,4,千禧科学学院
CH0099,24,132,1591,室笠 茜（兔女郎）,室笠 茜,兔女郎,,室笠 茜（邦妮）,室笠 アカネ（バニーガール）,室笠 朱音（兔女郎）,Murokasa Akane,무로카사 아카네,4,千禧科学学院
CH0307,24,517,1307,室笠 茜（制服）,室笠 茜,制服,,室笠 茜,室笠 アカネ（制服）,室笠 朱音,Murokasa Akane,무로카사 아카네,4,千禧科学学院
NP0083,25,25,1334,桐藤 渚（站立）,桐藤 渚,,站立,桐藤 渚,桐藤 ナギサ,桐藤 渚,Kirifuji Nagisa,키리후지 나기사,2,圣三一综合学园
nagisa,25,25,329,桐藤 渚,桐藤 渚,,,桐藤 渚,桐藤 ナギサ,桐藤 渚,Kirifuji Nagisa,키리후지 나기사,2,圣三一综合学园
CH0293,25,544,1295,桐藤 渚（泳装）,桐藤 渚,泳装,,桐藤 渚（泳装）,桐藤 ナギサ（水着）,桐藤 渚（泳裝）,Kirifuji Nagisa,키리후지 나기사,2,圣三一综合学园
hinata,26,26,1393,若叶 日向,若叶 日向,,,若叶 日向,若葉 ヒナタ,若葉 日向,Wakaba Hinata,와카바 히나타,2,圣三一综合学园
CH0210,26,301,1470,若叶 日向（泳装）,若叶 日向,泳装,,若叶 日向（泳装）,若葉 ヒナタ（水着）,若葉 日向（泳裝）,Wakaba Hinata,와카바 히나타,2,圣三一综合学园
NP0236,27,27,1361,才羽 绿（防寒服）,才羽 绿,,防寒服,才羽 绿,才羽 ミドリ,才羽 綠,Saiba Midori,사이바 미도리,4,千禧科学学院
midori,27,27,1404,才羽 绿,才羽 绿,,,才羽 绿,才羽 ミドリ,才羽 綠,Saiba Midori,사이바 미도리,4,千禧科学学院
CH0202,27,31,1466,才羽 绿（女仆）,才羽 绿,女仆,,才羽 绿（女仆）,才羽 ミドリ（メイド）,才羽 綠（女僕）,Saiba Midori,사이바 미도리,4,千禧科学学院
NP0268,27,580,1383,"才羽 绿（临战,太空服）",才羽 绿,临战,太空服,才羽 绿（武装）,才羽 ミドリ（臨戦）,才羽 綠（武裝）,Saiba Midori,사이바 미도리,4,千禧科学学院
CH0095,28,28,1241,生盐 诺亚,生盐 诺亚,,,生盐 诺亚,生塩 ノア,生塩 乃愛,Ushio Noa,우시오 노아,4,千禧科学学院
NP0043,28,28,1713,生盐 诺亚（运动服）,生盐 诺亚,,运动服,生盐 诺亚,生塩 ノア,生塩 乃愛,Ushio Noa,우시오 노아,4,千禧科学学院
CH0285,28,506,1287,生盐 诺亚（睡衣）,生盐 诺亚,睡衣,,生盐 诺亚（睡衣）,生塩 ノア（パジャマ）,生塩 乃愛（睡衣）,Ushio Noa,우시오 노아,4,千禧科学学院
NP0054,29,29,1723,勇美 枫（运动服）,勇美 枫,,运动服,勇美 枫,勇美 カエデ,勇美 楓,Isami Kaede,이사미 카에데,9,百鬼夜行联合学园
kaede,29,29,314,勇美 枫,勇美 枫,,,勇美 枫,勇美 カエデ,勇美 楓,Isami Kaede,이사미 카에데,9,百鬼夜行联合学园
CH0256,29,361,1501,勇美 枫（导游）,勇美 枫,导游,,勇美 枫（导游）,勇美 カエデ（ガイド）,勇美 楓（導覽員）,Isami Kaede,이사미 카에데,9,百鬼夜行联合学园
CH0114,32,32,1245,大野 月咏,大野 月咏,,,大野 月咏,大野 ツクヨ,大野 月夜,Ōno Tsukuyo,오노 츠쿠요,9,百鬼夜行联合学园
NP0056,32,32,1725,大野 月咏（运动服）,大野 月咏,,运动服,大野 月咏,大野 ツクヨ,大野 月夜,Ōno Tsukuyo,오노 츠쿠요,9,百鬼夜行联合学园
CH0297,32,568,1299,大野 月咏（礼服）,大野 月咏,礼服,,大野 月咏（礼服）,大野 ツクヨ（ドレス）,大野 月夜（禮服）,Ōno Tsukuyo,오노 츠쿠요,9,百鬼夜行联合学园
misaki,33,33,346,戒野 美咲,戒野 美咲,,,戒野 美咲,戒野 ミサキ,戒野 美咲,Imashino Misaki,이마시노 미사키,10,阿里乌斯分校
CH0268,33,384,1270,戒野 美咲（泳装）,戒野 美咲,泳装,,戒野 美咲（泳装）,戒野 ミサキ（水着）,戒野 美咲（泳裝）,Imashino Misaki,이마시노 미사키,10,阿里乌斯分校
hiyori,34,34,290,槌永 日和,槌永 日和,,,槌永 日和,槌永 ヒヨリ,槌永 日和,Tsuchinaga Hiyori,츠치나가 히요리,10,阿里乌斯分校
CH0269,34,383,1271,槌永 日和（泳装）,槌永 日和,泳装,,槌永 日和（泳装）,槌永 ヒヨリ（水着）,槌永 日和（泳裝）,Tsuchinaga Hiyori,츠치나가 히요리,10,阿里乌斯分校
NP0021,35,35,1681,秤 亚津子（战损）,秤 亚津子,,战损,秤 亚津子,秤 アツコ,秤 敦子,Hakari Atsuko,하카리 아츠코,10,阿里乌斯分校
NP0077,35,35,1745,秤 亚津子（紧身衣）,秤 亚津子,,紧身衣,秤 亚津子,秤 アツコ,秤 敦子,Hakari Atsuko,하카리 아츠코,10,阿里乌斯分校
atsuko,35,35,1819,秤 亚津子,秤 亚津子,,,秤 亚津子,秤 アツコ,秤 敦子,Hakari Atsuko,하카리 아츠코,10,阿里乌斯分校
CH0267,35,382,1269,秤 亚津子（泳装）,秤 亚津子,泳装,,秤 亚津子（泳装）,秤 アツコ（水着）,秤 敦子（泳裝）,Hakari Atsuko,하카리 아츠코,10,阿里乌斯分校
NP0012,36,36,1676,锭前 纱织（战损）,锭前 纱织,,战损,锭前 纱织,錠前 サオリ,錠前 沙織,Jomae Saori,조마에 사오리,10,阿里乌斯分校
NP0103,36,36,1794,锭前 纱织（头盔）,锭前 纱织,,头盔,锭前 纱织,錠前 サオリ,錠前 沙織,Jomae Saori,조마에 사오리,10,阿里乌斯分校
saori,36,36,1412,锭前 纱织,锭前 纱织,,,锭前 纱织,錠前 サオリ,錠前 沙織,Jomae Saori,조마에 사오리,10,阿里乌斯分校
CH0259,36,356,676,锭前 纱织（礼服）,锭前 纱织,礼服,,锭前 纱织（礼服）,錠前 サオリ（ドレス）,錠前 沙織（禮服）,Jomae Saori,조마에 사오리,10,阿里乌斯分校
NP0164,36,356,677,"锭前 纱织（礼服,正面）",锭前 纱织,礼服,正面,锭前 纱织（礼服）,錠前 サオリ（ドレス）,錠前 沙織（禮服）,Jomae Saori,조마에 사오리,10,阿里乌斯分校
CH0266,36,381,1268,锭前 纱织（泳装）,锭前 纱织,泳装,,锭前 纱织（泳装）,錠前 サオリ（水着）,錠前 沙織（泳裝）,Jomae Saori,조마에 사오리,10,阿里乌斯分校
NP0230,36,381,1357,"锭前 纱织（泳装,无外套）",锭前 纱织,泳装,无外套,锭前 纱织（泳装）,錠前 サオリ（水着）,錠前 沙織（泳裝）,Jomae Saori,조마에 사오리,10,阿里乌斯分校
NP0226,37,37,1354,杏山 和纱（鬼屋装扮）,杏山 和纱,,鬼屋装扮,杏山 和纱,杏山 カズサ,杏山 千紗,Kyoyama Kazusa,쿄야마 카즈사,2,圣三一综合学园
kazusa,37,37,330,杏山 和纱,杏山 和纱,,,杏山 和纱,杏山 カズサ,杏山 千紗,Kyoyama Kazusa,쿄야마 카즈사,2,圣三一综合学园
CH0250,37,368,1496,杏山 和纱（乐队）,杏山 和纱,乐队,,杏山 和纱（乐队）,杏山 カズサ（バンド）,杏山 千紗（樂團）,Kyoyama Kazusa,쿄야마 카즈사,2,圣三一综合学园
NP0188,37,368,711,"杏山 和纱（乐队,白背心）",杏山 和纱,乐队,白背心,杏山 和纱（乐队）,杏山 カズサ（バンド）,杏山 千紗（樂團）,Kyoyama Kazusa,쿄야마 카즈사,2,圣三一综合学园
CH0156,38,38,1601,枣 伊吕波,枣 伊吕波,,,枣 伊吕波,棗 イロハ,棗 伊呂波,Natsume Iroha,나츠메 이로하,3,格赫娜学园
CH0346,38,612,1787,枣 伊吕波（泳装）,枣 伊吕波,泳装,,枣 伊吕波（泳装）,棗 イロハ（水着）,棗 伊呂波（泳裝）,Natsume Iroha,나츠메 이로하,3,格赫娜学园
NP0300,38,612,1782,"枣 伊吕波（泳装,海盗装）",枣 伊吕波,泳装,海盗装,枣 伊吕波（泳装）,棗 イロハ（水着）,棗 伊呂波（泳裝）,Natsume Iroha,나츠메 이로하,3,格赫娜学园
NP0019,39,39,1679,天雨 亚子（战损）,天雨 亚子,,战损,天雨 亚子,天雨 アコ,天雨 亞子,Amau Ako,아마우 아코,3,格赫娜学园
NP0059,39,39,1728,天雨 亚子（运动服）,天雨 亚子,,运动服,天雨 亚子,天雨 アコ,天雨 亞子,Amau Ako,아마우 아코,3,格赫娜学园
NP0111,39,39,1802,天雨 亚子（领航服）,天雨 亚子,,领航服,天雨 亚子,天雨 アコ,天雨 亞子,Amau Ako,아마우 아코,3,格赫娜学园
ako,39,39,1814,天雨 亚子,天雨 亚子,,,天雨 亚子,天雨 アコ,天雨 亞子,Amau Ako,아마우 아코,3,格赫娜学园
CH0231,39,345,1483,天雨 亚子（礼服）,天雨 亚子,礼服,,天雨 亚子（礼服）,天雨 アコ（ドレス）,天雨 亞子（禮服）,Amau Ako,아마우 아코,3,格赫娜学园
CH0092,40,40,1590,十六夜 野宫（泳装）,十六夜 野宫,泳装,,十六夜 野宫（泳装）,十六夜 ノノミ（水着）,十六夜 野乃美（泳裝）,Izayoi Nonomi,이자요이 노노미,1,阿比多斯高中
NP0067,40,40,1736,"十六夜 野宫（泳装,头套）",十六夜 野宫,泳装,头套,十六夜 野宫（泳装）,十六夜 ノノミ（水着）,十六夜 野乃美（泳裝）,Izayoi Nonomi,이자요이 노노미,1,阿比多斯高中
NP0044,40,78,1714,十六夜 野宫（运动服）,十六夜 野宫,,运动服,十六夜 野宫,十六夜 ノノミ,十六夜 野乃美,Izayoi Nonomi,이자요이 노노미,1,阿比多斯高中
NP0171,40,78,1537,十六夜 野宫（冬装）,十六夜 野宫,,冬装,十六夜 野宫,十六夜 ノノミ,十六夜 野乃美,Izayoi Nonomi,이자요이 노노미,1,阿比多斯高中
NP0176,40,78,1542,十六夜 野宫（战损）,十六夜 野宫,,战损,十六夜 野宫,十六夜 ノノミ,十六夜 野乃美,Izayoi Nonomi,이자요이 노노미,1,阿比多斯高中
NP0195,40,78,1550,十六夜 野宫（一年级）,十六夜 野宫,,一年级,十六夜 野宫,十六夜 ノノミ,十六夜 野乃美,Izayoi Nonomi,이자요이 노노미,1,阿比多斯高中
nonomi,40,78,1408,十六夜 野宫,十六夜 野宫,,,十六夜 野宫,十六夜 ノノミ,十六夜 野乃美,Izayoi Nonomi,이자요이 노노미,1,阿比多斯高中
nonomi_robber,40,78,323,十六夜 野宫（头套）,十六夜 野宫,,头套,十六夜 野宫,十六夜 ノノミ,十六夜 野乃美,Izayoi Nonomi,이자요이 노노미,1,阿比多斯高中
NP0063,42,42,1732,"小鸟游 星野（泳装,头套）",小鸟游 星野,泳装,头套,小鸟游 星野（泳装）,小鳥遊 ホシノ（水着）,小鳥遊 星野（泳裝）,Takanashi Hoshino,타카나시 호시노,1,阿比多斯高中
hoshino_swimsuit,42,42,1836,小鸟游 星野（泳装）,小鸟游 星野,泳装,,小鸟游 星野（泳装）,小鳥遊 ホシノ（水着）,小鳥遊 星野（泳裝）,Takanashi Hoshino,타카나시 호시노,1,阿比多斯高中
NP0045,42,76,1715,小鸟游 星野（运动服）,小鸟游 星野,,运动服,小鸟游 星野,小鳥遊 ホシノ,小鳥遊 星野,Takanashi Hoshino,타카나시 호시노,1,阿比多斯高中
NP0173,42,76,1539,小鸟游 星野（冬装）,小鸟游 星野,,冬装,小鸟游 星野,小鳥遊 ホシノ,小鳥遊 星野,Takanashi Hoshino,타카나시 호시노,1,阿比多斯高中
NP0204,42,76,1553,"小鸟游 星野（冬装,无围巾）",小鸟游 星野,,"冬装,无围巾",小鸟游 星野,小鳥遊 ホシノ,小鳥遊 星野,Takanashi Hoshino,타카나시 호시노,1,阿比多斯高中
hoshino,42,76,1394,小鸟游 星野,小鸟游 星野,,,小鸟游 星野,小鳥遊 ホシノ,小鳥遊 星野,Takanashi Hoshino,타카나시 호시노,1,阿比多斯高中
hoshino_robber,42,76,292,小鸟游 星野（头套）,小鸟游 星野,,头套,小鸟游 星野,小鳥遊 ホシノ,小鳥遊 星野,Takanashi Hoshino,타카나시 호시노,1,阿比多斯高中
CH0241,42,287,1490,小鸟游 星野（一年级）,小鸟游 星野,一年级,,小鸟游 星野,小鳥遊 ホシノ,小鳥遊 星野,Takanashi Hoshino,타카나시 호시노,1,阿比多斯高中
NP0167,42,287,1533,"小鸟游 星野（一年级,学校泳装）",小鸟游 星野,一年级,学校泳装,小鸟游 星野,小鳥遊 ホシノ,小鳥遊 星野,Takanashi Hoshino,타카나시 호시노,1,阿比多斯高中
CH0258,42,373,751,小鸟游 星野（临战）,小鸟游 星野,临战,,小鸟游 星野（武装）,小鳥遊 ホシノ（臨戦）,小鳥遊 星野（武裝）,Takanashi Hoshino,타카나시 호시노,1,阿比多斯高中
NP0179,42,373,796,"小鸟游 星野（临战,霰弹枪持盾战损）",小鸟游 星野,临战,霰弹枪持盾战损,小鸟游 星野（武装）,小鳥遊 ホシノ（臨戦）,小鳥遊 星野（武裝）,Takanashi Hoshino,타카나시 호시노,1,阿比多斯高中
NP0196,42,373,1551,"小鸟游 星野（临战,手枪持盾）",小鸟游 星野,临战,手枪持盾,小鸟游 星野（武装）,小鳥遊 ホシノ（臨戦）,小鳥遊 星野（武裝）,Takanashi Hoshino,타카나시 호시노,1,阿比多斯高中
NP0197,42,373,1552,"小鸟游 星野（临战,双持）",小鸟游 星野,临战,双持,小鸟游 星野（武装）,小鳥遊 ホシノ（臨戦）,小鳥遊 星野（武裝）,Takanashi Hoshino,타카나시 호시노,1,阿比多斯高中
NP0198,42,373,750,"小鸟游 星野（临战,单持霰弹枪）",小鸟游 星野,临战,单持霰弹枪,小鸟游 星野（武装）,小鳥遊 ホシノ（臨戦）,小鳥遊 星野（武裝）,Takanashi Hoshino,타카나시 호시노,1,阿比多斯高中
NP0200,42,373,1339,"小鸟游 星野（临战,手枪持盾战损）",小鸟游 星野,临战,手枪持盾战损,小鸟游 星野（武装）,小鳥遊 ホシノ（臨戦）,小鳥遊 星野（武裝）,Takanashi Hoshino,타카나시 호시노,1,阿比多斯高中
NP0201,42,373,1340,"小鸟游 星野（临战,双持战损）",小鸟游 星野,临战,双持战损,小鸟游 星野（武装）,小鳥遊 ホシノ（臨戦）,小鳥遊 星野（武裝）,Takanashi Hoshino,타카나시 호시노,1,阿比多斯高中
NP0202,42,373,1341,"小鸟游 星野（临战,单持霰弹枪战损）",小鸟游 星野,临战,单持霰弹枪战损,小鸟游 星野（武装）,小鳥遊 ホシノ（臨戦）,小鳥遊 星野（武裝）,Takanashi Hoshino,타카나시 호시노,1,阿比多斯高中
CH0070,43,43,1238,百合园 圣娅,百合园 圣娅,,,百合园 圣娅,百合園 セイア,百合園 聖亞,Yurizono Seia,유리조노 세이아,2,圣三一综合学园
NP0244,43,43,1366,百合园 圣娅（纸箱）,百合园 圣娅,,纸箱,百合园 圣娅,百合園 セイア,百合園 聖亞,Yurizono Seia,유리조노 세이아,2,圣三一综合学园
CH0295,43,543,1297,百合园 圣娅（泳装）,百合园 圣娅,泳装,,百合园 圣娅（泳装）,百合園 セイア（水着）,百合園 聖亞（泳裝）,Yurizono Seia,유리조노 세이아,2,圣三一综合学园
serika_newyear,44,44,48,黑见 芹香（正月）,黑见 芹香,正月,,黑见 芹香（新年）,黒見 セリカ（正月）,黒見 茜香（正月）,Kuromi Serika,쿠로미 세리카,1,阿比多斯高中
CH0189,44,59,1464,黑见 芹香（泳装）,黑见 芹香,泳装,,黑见 芹香（泳装）,黒見 セリカ（水着）,黒見 茜香（泳裝）,Kuromi Serika,쿠로미 세리카,1,阿比多斯高中
NP0065,44,59,1734,"黑见 芹香（泳装,头套）",黑见 芹香,泳装,头套,黑见 芹香（泳装）,黒見 セリカ（水着）,黒見 茜香（泳裝）,Kuromi Serika,쿠로미 세리카,1,阿比多斯高中
NP0047,44,83,1717,黑见 芹香（运动服）,黑见 芹香,,运动服,黑见 芹香,黒見 セリカ,黒見 茜香,Kuromi Serika,쿠로미 세리카,1,阿比多斯高中
NP0175,44,83,1541,黑见 芹香（战损）,黑见 芹香,,战损,黑见 芹香,黒見 セリカ,黒見 茜香,Kuromi Serika,쿠로미 세리카,1,阿比多斯高中
NP0217,44,83,1347,黑见 芹香（偶像服）,黑见 芹香,,偶像服,黑见 芹香,黒見 セリカ,黒見 茜香,Kuromi Serika,쿠로미 세리카,1,阿比多斯高中
serika,44,83,1414,黑见 芹香,黑见 芹香,,,黑见 芹香,黒見 セリカ,黒見 茜香,Kuromi Serika,쿠로미 세리카,1,阿比多斯高中
serika_robber,44,83,46,黑见 芹香（头套）,黑见 芹香,,头套,黑见 芹香,黒見 セリカ,黒見 茜香,Kuromi Serika,쿠로미 세리카,1,阿比多斯高中
serika_shibaseki,44,83,45,黑见 芹香（打工制服）,黑见 芹香,,打工制服,黑见 芹香,黒見 セリカ,黒見 茜香,Kuromi Serika,쿠로미 세리카,1,阿比多斯高中
marina,45,45,1403,池仓 玛丽娜,池仓 玛丽娜,,,池仓 真里奈,池倉 マリナ,池倉 瑪麗娜,Ikekura Marina,이케쿠라 마리나,5,红冬联邦学园
CH0270,45,389,1272,池仓 玛丽娜（旗袍）,池仓 玛丽娜,旗袍,,池仓 真里奈（旗袍）,池倉 マリナ（チーパオ）,池倉 瑪麗娜（旗袍）,Ikekura Marina,이케쿠라 마리나,5,红冬联邦学园
CH0179,46,46,1617,久田 泉奈（泳装）,久田 泉奈,泳装,,久田 泉奈（泳装）,久田 イズナ（水着）,久田 伊樹菜（泳裝）,Kuda Izuna,쿠다 이즈나,9,百鬼夜行联合学园
NP0052,46,180,1721,久田 泉奈（运动服）,久田 泉奈,,运动服,久田 泉奈,久田 イズナ,久田 伊樹菜,Kuda Izuna,쿠다 이즈나,9,百鬼夜行联合学园
izuna,46,180,1397,久田 泉奈,久田 泉奈,,,久田 泉奈,久田 イズナ,久田 伊樹菜,Kuda Izuna,쿠다 이즈나,9,百鬼夜行联合学园
CH0298,46,570,1300,久田 泉奈（礼服）,久田 泉奈,礼服,,久田 泉奈（礼服）,久田 イズナ（ドレス）,久田 伊樹菜（禮服）,Kuda Izuna,쿠다 이즈나,9,百鬼夜行联合学园
CH0176,47,47,1614,奥空 绫音（泳装）,奥空 绫音,泳装,,奥空 绫音（泳装）,奥空 アヤネ（水着）,奥空 綾音（泳裝）,Okusora Ayane,오쿠소라 아야네,1,阿比多斯高中
NP0066,47,47,1735,"奥空 绫音（泳装,头套）",奥空 绫音,泳装,头套,奥空 绫音（泳装）,奥空 アヤネ（水着）,奥空 綾音（泳裝）,Okusora Ayane,오쿠소라 아야네,1,阿比多斯高中
NP0048,47,85,1718,奥空 绫音（运动服）,奥空 绫音,,运动服,奥空 绫音,奥空 アヤネ,奥空 綾音,Okusora Ayane,오쿠소라 아야네,1,阿比多斯高中
NP0108,47,85,1799,奥空 绫音（领航服）,奥空 绫音,,领航服,奥空 绫音,奥空 アヤネ,奥空 綾音,Okusora Ayane,오쿠소라 아야네,1,阿比多斯高中
NP0174,47,85,1540,奥空 绫音（战损）,奥空 绫音,,战损,奥空 绫音,奥空 アヤネ,奥空 綾音,Okusora Ayane,오쿠소라 아야네,1,阿比多斯高中
NP0218,47,85,1348,奥空 绫音（偶像服）,奥空 绫音,,偶像服,奥空 绫音,奥空 アヤネ,奥空 綾音,Okusora Ayane,오쿠소라 아야네,1,阿比多斯高中
ayane,47,85,1558,奥空 绫音,奥空 绫音,,,奥空 绫音,奥空 アヤネ,奥空 綾音,Okusora Ayane,오쿠소라 아야네,1,阿比多斯高中
ayane_robber,47,85,1820,奥空 绫音（头套）,奥空 绫音,,头套,奥空 绫音,奥空 アヤネ,奥空 綾音,Okusora Ayane,오쿠소라 아야네,1,阿比多斯高中
CH0178,48,48,1616,和乐 千世（泳装）,和乐 千世,泳装,,和乐 千世（泳装）,和楽 チセ（水着）,和樂 知世（泳裝）,Waraku Chise,와라쿠 치세,9,百鬼夜行联合学园
NP0055,48,84,1724,和乐 千世（运动服）,和乐 千世,,运动服,和乐 千世,和楽 チセ,和樂 知世,Waraku Chise,와라쿠 치세,9,百鬼夜行联合学园
chise,48,84,1822,和乐 千世,和乐 千世,,,和乐 千世,和楽 チセ,和樂 知世,Waraku Chise,와라쿠 치세,9,百鬼夜行联合学园
CH0177,49,49,1615,爱清 枫香（正月）,爱清 枫香,正月,,爱清 风香（新年）,愛清 フウカ（正月）,愛清 風華（正月）,Aikiyo Fuuka,아이키요 후우카,3,格赫娜学园
fuuka,49,97,1824,爱清 枫香,爱清 枫香,,,爱清 风香,愛清 フウカ,愛清 風華,Aikiyo Fuuka,아이키요 후우카,3,格赫娜学园
CH0290,49,522,1292,爱清 枫香（私服）,爱清 枫香,私服,,爱清 风香（便服）,愛清 フウカ（私服）,愛清 風華（私服）,Aikiyo Fuuka,아이키요 후우카,3,格赫娜学园
CH0180,50,50,1618,河和 静子（泳装）,河和 静子,泳装,,河和 静子（泳装）,河和 シズコ（水着）,河和 靜子（泳裝）,Kawawa Shizuko,카와와 시즈코,9,百鬼夜行联合学园
NP0053,50,96,1722,河和 静子（运动服）,河和 静子,,运动服,河和 静子,河和 シズコ,河和 靜子,Kawawa Shizuko,카와와 시즈코,9,百鬼夜行联合学园
shizuko,50,96,31,河和 静子,河和 静子,,,河和 静子,河和 シズコ,河和 靜子,Kawawa Shizuko,카와와 시즈코,9,百鬼夜行联合学园
CH0181,51,51,1640,猫冢 响（应援团）,猫冢 响,应援团,,猫冢 响（应援团）,猫塚 ヒビキ（応援団）,猫塚 響（應援團）,Nekozuka Hibiki,네코즈카 히비키,4,千禧科学学院
hibiki,51,69,1833,猫冢 响,猫冢 响,,,猫冢 响,猫塚 ヒビキ,猫塚 響,Nekozuka Hibiki,네코즈카 히비키,4,千禧科学学院
NP0109,52,52,1800,早濑 优香（领航服）,早濑 优香,,领航服,早濑 优香,早瀬 ユウカ,早瀬 優香,Hayase Yuuka,하야세 유우카,4,千禧科学学院
yuuka,52,52,1426,早濑 优香,早濑 优香,,,早濑 优香,早瀬 ユウカ,早瀬 優香,Hayase Yuuka,하야세 유우카,4,千禧科学学院
CH0184,52,54,1642,早濑 优香（体操服）,早濑 优香,体操服,,早濑 优香（体操服）,早瀬 ユウカ（体操服）,早瀬 優香（體育服）,Hayase Yuuka,하야세 유우카,4,千禧科学学院
CH0284,52,505,1286,早濑 优香（睡衣）,早濑 优香,睡衣,,早濑 优香（睡衣）,早瀬 ユウカ（パジャマ）,早瀬 優香（睡衣）,Hayase Yuuka,하야세 유우카,4,千禧科学学院
CH0182,53,53,1641,白石 歌原（应援团）,白石 歌原,应援团,,白石 歌原（应援团）,白石 ウタハ（応援団）,白石 詠葉（應援團）,Shiraishi Utaha,시라이시 우타하,4,千禧科学学院
NP0221,53,185,1351,白石 歌原（和服）,白石 歌原,,和服,白石 歌原,白石 ウタハ,白石 詠葉,Shiraishi Utaha,시라이시 우타하,4,千禧科学学院
utaha,53,185,1424,白石 歌原,白石 歌原,,,白石 歌原,白石 ウタハ,白石 詠葉,Shiraishi Utaha,시라이시 우타하,4,千禧科学学院
utahaturret,53,185,19,白石 歌原（雷酱）,白石 歌原,,雷酱,白石 歌原,白石 ウタハ,白石 詠葉,Shiraishi Utaha,시라이시 우타하,4,千禧科学学院
CH0186,55,55,1643,伊落 玛丽（体操服）,伊落 玛丽,体操服,,伊落 玛丽（体操服）,伊落 マリー（体操服）,伊落 瑪麗（體育服）,Iochi Mari,이오치 마리,2,圣三一综合学园
mari,55,99,1402,伊落 玛丽,伊落 玛丽,,,伊落 玛丽,伊落 マリー,伊落 瑪麗,Iochi Mari,이오치 마리,2,圣三一综合学园
CH0273,55,498,1275,伊落 玛丽（偶像）,伊落 玛丽,偶像,,伊落 玛丽（偶像）,伊落 マリー（アイドル）,伊落 瑪麗（偶像）,Iochi Mari,이오치 마리,2,圣三一综合学园
CH0185,57,57,1463,丰见 小鸟（应援团）,丰见 小鸟,应援团,,丰见 琴里（应援团）,豊見 コトリ（応援団）,豊見 亞都梨（應援團）,Toyomi Kotori,토요미 코토리,4,千禧科学学院
NP0069,57,211,1738,丰见 小鸟（运动服）,丰见 小鸟,,运动服,丰见 琴里,豊見 コトリ,豊見 亞都梨,Toyomi Kotori,토요미 코토리,4,千禧科学学院
kotori,57,211,1401,丰见 小鸟,丰见 小鸟,,,丰见 琴里,豊見 コトリ,豊見 亞都梨,Toyomi Kotori,토요미 코토리,4,千禧科学学院
CH0188,58,58,1645,砂狼 白子（泳装）,砂狼 白子,泳装,,砂狼 白子（泳装）,砂狼 シロコ（水着）,砂狼 白子（泳裝）,Sunaookami Shiroko,스나오오카미 시로코,1,阿比多斯高中
NP0064,58,58,1733,"砂狼 白子（泳装,头套）",砂狼 白子,泳装,头套,砂狼 白子（泳装）,砂狼 シロコ（水着）,砂狼 白子（泳裝）,Sunaookami Shiroko,스나오오카미 시로코,1,阿比多斯高中
NP0046,58,86,1716,砂狼 白子（运动服）,砂狼 白子,,运动服,砂狼 白子,砂狼 シロコ,砂狼 白子,Sunaookami Shiroko,스나오오카미 시로코,1,阿比多斯高中
NP0124,58,86,1335,砂狼 白子（战损）,砂狼 白子,,战损,砂狼 白子,砂狼 シロコ,砂狼 白子,Sunaookami Shiroko,스나오오카미 시로코,1,阿比多斯高中
NP0172,58,86,1538,砂狼 白子（一年级）,砂狼 白子,,一年级,砂狼 白子,砂狼 シロコ,砂狼 白子,Sunaookami Shiroko,스나오오카미 시로코,1,阿比多斯高中
shiroko,58,86,1562,砂狼 白子,砂狼 白子,,,砂狼 白子,砂狼 シロコ,砂狼 白子,Sunaookami Shiroko,스나오오카미 시로코,1,阿比多斯高中
shiroko_robber,58,86,33,砂狼 白子（头套）,砂狼 白子,,头套,砂狼 白子,砂狼 シロコ,砂狼 白子,Sunaookami Shiroko,스나오오카미 시로코,1,阿比多斯高中
shiroko_ridingsuit,58,87,34,砂狼 白子（骑行服）,砂狼 白子,骑行服,,砂狼 白子（骑行）,砂狼 シロコ（ライディング）,砂狼 白子（單車）,Sunaookami Shiroko,스나오오카미 시로코,1,阿比多斯高中
CH0190,60,60,1646,羽川 莲见（体操服）,羽川 莲见,体操服,,羽川 莲见（体操服）,羽川 ハスミ（体操服）,羽川 蓮實（體育服）,Hanekawa Hasumi,하네카와 하스미,2,圣三一综合学园
hasumi,60,111,1392,羽川 莲见,羽川 莲见,,,羽川 莲见,羽川 ハスミ,羽川 蓮實,Hanekawa Hasumi,하네카와 하스미,2,圣三一综合学园
CH0291,60,541,1293,羽川 莲见（泳装）,羽川 莲见,泳装,,羽川 莲见（泳装）,羽川 ハスミ（水着）,羽川 蓮實（泳裝）,Hanekawa Hasumi,하네카와 하스미,2,圣三一综合学园
CH0139,61,61,1246,龙华 妃咲,龙华 妃咲,,,龙华 妃咲,竜華 キサキ,龍華 妃姬,Ryuuge Kisaki,류우게 키사키,7,山海经高级中学
NP0216,61,61,1346,龙华 妃咲（幼儿园）,龙华 妃咲,,幼儿园,龙华 妃咲,竜華 キサキ,龍華 妃姬,Ryuuge Kisaki,류우게 키사키,7,山海经高级中学
CH0356,61,599,1701,龙华 妃咲（泳装）,龙华 妃咲,泳装,,龙华 妃咲（泳装）,竜華 キサキ（水着）,龍華 妃姬（泳裝）,Ryuuge Kisaki,류우게 키사키,7,山海经高级中学
NP0284,61,599,1707,"龙华 妃咲（泳装,幼儿园泳装）",龙华 妃咲,泳装,幼儿园泳装,龙华 妃咲（泳装）,竜華 キサキ（水着）,龍華 妃姬（泳裝）,Ryuuge Kisaki,류우게 키사키,7,山海经高级中学
CH0159,62,62,150,明星 日鞠,明星 日鞠,,,明星 日鞠,明星 ヒマリ,明星 陽葵,Akeboshi Himari,아케보시 히마리,4,千禧科学学院
NP0112,62,62,88,明星 日鞠（领航服）,明星 日鞠,,领航服,明星 日鞠,明星 ヒマリ,明星 陽葵,Akeboshi Himari,아케보시 히마리,4,千禧科学学院
NP0161,62,62,1528,明星 日鞠（防寒棉袄）,明星 日鞠,,防寒棉袄,明星 日鞠,明星 ヒマリ,明星 陽葵,Akeboshi Himari,아케보시 히마리,4,千禧科学学院
CH0332,62,572,1327,明星 日鞠（临战）,明星 日鞠,临战,,明星 日鞠（武装）,明星 ヒマリ（臨戦）,明星 陽葵（武裝）,Akeboshi Himari,아케보시 히마리,4,千禧科学学院
NP0276,62,572,1384,"明星 日鞠（临战,像素画）",明星 日鞠,临战,像素画,明星 日鞠（武装）,明星 ヒマリ（臨戦）,明星 陽葵（武裝）,Akeboshi Himari,아케보시 히마리,4,千禧科学学院
NP0278,62,572,1385,"明星 日鞠（临战,轮椅）",明星 日鞠,临战,轮椅,明星 日鞠（武装）,明星 ヒマリ（臨戦）,明星 陽葵（武裝）,Akeboshi Himari,아케보시 히마리,4,千禧科学学院
CH0141,63,63,1247,合欢垣 吹雪,合欢垣 吹雪,,,合欢垣 吹雪,合歓垣 フブキ,合歓垣 吹雪,Nemugaki Fubuki,네무가키 후부키,8,瓦尔基里警察学校
NP0219,63,63,1349,合欢垣 吹雪（偶像服）,合欢垣 吹雪,,偶像服,合欢垣 吹雪,合歓垣 フブキ,合歓垣 吹雪,Nemugaki Fubuki,네무가키 후부키,8,瓦尔基里警察学校
CH0261,63,376,1264,合欢垣 吹雪（泳装）,合欢垣 吹雪,泳装,,合欢垣 吹雪（泳装）,合歓垣 フブキ（水着）,合歓垣 吹雪（泳裝）,Nemugaki Fubuki,네무가키 후부키,8,瓦尔基里警察学校
CH0171,64,64,1609,七度 雪乃,七度 雪乃,,,七度 雪乃,七度 ユキノ,七度 雪乃,Shichido Yukino,시치도 유키노,11,SRT特殊学园
NP0293,64,64,1575,七度 雪乃（无武器）,七度 雪乃,,无武器,七度 雪乃,七度 ユキノ,七度 雪乃,Shichido Yukino,시치도 유키노,11,SRT特殊学园
CH0172,65,65,1610,吉野 妮可,吉野 妮可,,,妮可,吉野 ニコ,吉野 仁子,Yoshino Niko,요시노 니코,11,SRT特殊学园
NP0139,65,65,1622,吉野 妮可（无武器）,吉野 妮可,,无武器,妮可,吉野 ニコ,吉野 仁子,Yoshino Niko,요시노 니코,11,SRT特殊学园
NP0283,65,65,1639,吉野 妮可（FOX EATS）,吉野 妮可,,FOX EATS,妮可,吉野 ニコ,吉野 仁子,Yoshino Niko,요시노 니코,11,SRT特殊学园
CH0173,66,66,1611,高仓 胡桃,高仓 胡桃,,,胡桃,高倉 クルミ,胡桃,Takakura Kurumi,타카쿠라 쿠루미,11,SRT特殊学园
NP0140,66,66,1623,高仓 胡桃（无武器）,高仓 胡桃,,无武器,胡桃,高倉 クルミ,胡桃,Takakura Kurumi,타카쿠라 쿠루미,11,SRT特殊学园
CH0174,67,67,1612,天神山 音葵,天神山 音葵,,,御伽,天神山 オトギ,御伽,Tenjinyama Otogi,텐진야마 오토기,11,SRT特殊学园
NP0141,67,67,1624,天神山 音葵（无武器）,天神山 音葵,,无武器,御伽,天神山 オトギ,御伽,Tenjinyama Otogi,텐진야마 오토기,11,SRT特殊学园
CH9999,68,68,1656,初音未来,初音未来,,,初音 未来,初音 ミク,初音 未來,Hatsune Miku,하츠네 미쿠,26,联动作品
CH0058,70,70,1583,阿慈谷 日富美（泳装）,阿慈谷 日富美,泳装,,阿慈谷 日富美（泳装）,阿慈谷 ヒフミ（水着）,阿慈谷 日步美（泳裝）,Ajitani Hifumi,아지타니 히후미,2,圣三一综合学园
NP0005,70,74,1669,阿慈谷 日富美（运动服）,阿慈谷 日富美,,运动服,阿慈谷 日富美,阿慈谷 ヒフミ,阿慈谷 日步美,Ajitani Hifumi,아지타니 히후미,2,圣三一综合学园
NP0006,70,74,1670,阿慈谷 日富美（学校泳装）,阿慈谷 日富美,,学校泳装,阿慈谷 日富美,阿慈谷 ヒフミ,阿慈谷 日步美,Ajitani Hifumi,아지타니 히후미,2,圣三一综合学园
hihumi,70,74,1835,阿慈谷 日富美,阿慈谷 日富美,,,阿慈谷 日富美,阿慈谷 ヒフミ,阿慈谷 日步美,Ajitani Hifumi,아지타니 히후미,2,圣三一综合学园
hihumi_robber,70,74,1834,阿慈谷 日富美（头套）,阿慈谷 日富美,,头套,阿慈谷 日富美,阿慈谷 ヒフミ,阿慈谷 日步美,Ajitani Hifumi,아지타니 히후미,2,圣三一综合学园
NP0009,71,71,1673,空崎 日奈（睡衣）,空崎 日奈,,睡衣,空崎 日奈,空崎 ヒナ,空崎 陽奈,Sorasaki Hina,소라사키 히나,3,格赫娜学园
NP0017,71,71,291,空崎 日奈（战损）,空崎 日奈,,战损,空崎 日奈,空崎 ヒナ,空崎 陽奈,Sorasaki Hina,소라사키 히나,3,格赫娜学园
NP0205,71,71,1554,空崎 日奈（睡衣）,空崎 日奈,,睡衣,空崎 日奈,空崎 ヒナ,空崎 陽奈,Sorasaki Hina,소라사키 히나,3,格赫娜学园
hina,71,71,288,空崎 日奈,空崎 日奈,,,空崎 日奈,空崎 ヒナ,空崎 陽奈,Sorasaki Hina,소라사키 히나,3,格赫娜学园
CH0063,71,121,1237,空崎 日奈（泳装）,空崎 日奈,泳装,,空崎 日奈（泳装）,空崎 ヒナ（水着）,空崎 陽奈（泳裝）,Sorasaki Hina,소라사키 히나,3,格赫娜学园
CH0230,71,346,1255,空崎 日奈（礼服）,空崎 日奈,礼服,,空崎 日奈（礼服）,空崎 ヒナ（ドレス）,空崎 陽奈（禮服）,Sorasaki Hina,소라사키 히나,3,格赫娜学园
iori,72,72,1395,银镜 伊织,银镜 伊织,,,银镜 伊织,銀鏡 イオリ,銀鏡 伊織,Shiromi Iori,시로미 이오리,3,格赫娜学园
CH0064,72,122,1585,银镜 伊织（泳装）,银镜 伊织,泳装,,银镜 伊织（泳装）,銀鏡 イオリ（水着）,銀鏡 伊織（泳裝）,Shiromi Iori,시로미 이오리,3,格赫娜学园
NP0051,73,73,1769,狮子堂 泉（运动服）,狮子堂 泉,,运动服,狮子堂 泉,獅子堂 イズミ,獅子堂 泉,Shishido Izumi,시시도우 이즈미,3,格赫娜学园
izumi,73,73,1396,狮子堂 泉,狮子堂 泉,,,狮子堂 泉,獅子堂 イズミ,獅子堂 泉,Shishido Izumi,시시도우 이즈미,3,格赫娜学园
izumi_swimsuit,73,75,306,狮子堂 泉（泳装）,狮子堂 泉,泳装,,狮子堂 泉（泳装）,獅子堂 イズミ（水着）,獅子堂 泉（泳裝）,Shishido Izumi,시시도우 이즈미,3,格赫娜学园
CH0197,73,156,1251,狮子堂 泉（正月）,狮子堂 泉,正月,,狮子堂 泉（新年）,獅子堂 イズミ（正月）,獅子堂 泉（正月）,Shishido Izumi,시시도우 이즈미,3,格赫娜学园
CH0187,77,77,1644,飞鸟马 时,飞鸟马 时,,,飞鸟马 时,飛鳥馬 トキ,飛鳥馬 季,Asuma Toki,아스마 토키,4,千禧科学学院
NP0078,77,77,1746,飞鸟马 时（战斗模式）,飞鸟马 时,,战斗模式,飞鸟马 时,飛鳥馬 トキ,飛鳥馬 季,Asuma Toki,아스마 토키,4,千禧科学学院
NP0079,77,77,1747,飞鸟马 时（阿比舒机甲）,飞鸟马 时,,阿比舒机甲,飞鸟马 时,飛鳥馬 トキ,飛鳥馬 季,Asuma Toki,아스마 토키,4,千禧科学学院
NP0080,77,77,1748,飞鸟马 时（包扎）,飞鸟马 时,,包扎,飞鸟马 时,飛鳥馬 トキ,飛鳥馬 季,Asuma Toki,아스마 토키,4,千禧科学学院
NP0123,77,77,74,"飞鸟马 时（战损,机甲）",飞鸟马 时,,"战损,机甲",飞鸟马 时,飛鳥馬 トキ,飛鳥馬 季,Asuma Toki,아스마 토키,4,千禧科学学院
CH0211,77,230,1654,飞鸟马 时（兔女郎）,飞鸟马 时,兔女郎,,飞鸟马 时（邦妮）,飛鳥馬 トキ（バニーガール）,飛鳥馬 季（兔女郎）,Asuma Toki,아스마 토키,4,千禧科学学院
CH0308,77,516,1308,飞鸟马 时（制服）,飞鸟马 时,制服,,飞鸟马 时,飛鳥馬 トキ（制服）,飛鳥馬 季,Asuma Toki,아스마 토키,4,千禧科学学院
CH0333,77,573,1328,飞鸟马 时（临战）,飞鸟马 时,临战,,飞鸟马 时（武装）,飛鳥馬 トキ（臨戦）,飛鳥馬 季（武裝）,Asuma Toki,아스마 토키,4,千禧科学学院
NP0062,79,79,1731,静山 真白（运动服）,静山 真白,,运动服,静山 真白,静山 マシロ,靜山 麻白,Shizuyama Mashiro,시즈야마 마시로,2,圣三一综合学园
mashiro,79,79,350,静山 真白,静山 真白,,,静山 真白,静山 マシロ,靜山 麻白,Shizuyama Mashiro,시즈야마 마시로,2,圣三一综合学园
mashiro_swimsuit,79,80,351,静山 真白（泳装）,静山 真白,泳装,,静山 真白（泳装）,静山 マシロ（水着）,靜山 麻白（泳裝）,Shizuyama Mashiro,시즈야마 마시로,2,圣三一综合学园
NP0237,81,81,1362,花冈 柚子（防寒服）,花冈 柚子,,防寒服,花冈 柚子,花岡 ユズ,花岡 柚子,Hanaoka Yuzu,하나오카 유즈,4,千禧科学学院
yuzu,81,81,11,花冈 柚子,花冈 柚子,,,花冈 柚子,花岡 ユズ,花岡 柚子,Hanaoka Yuzu,하나오카 유즈,4,千禧科学学院
CH0203,81,82,1653,花冈 柚子（女仆）,花冈 柚子,女仆,,花冈 柚子（女仆）,花岡 ユズ（メイド）,花岡 柚子（女僕）,Hanaoka Yuzu,하나오카 유즈,4,千禧科学学院
NP0126,81,82,1808,"花冈 柚子（女仆,箱子）",花冈 柚子,女仆,箱子,花冈 柚子（女仆）,花岡 ユズ（メイド）,花岡 柚子（女僕）,Hanaoka Yuzu,하나오카 유즈,4,千禧科学学院
CH0336,81,577,1330,花冈 柚子（临战）,花冈 柚子,临战,,花冈 柚子（武装）,花岡 ユズ（臨戦）,花岡 柚子（武裝）,Hanaoka Yuzu,하나오카 유즈,4,千禧科学学院
saya,88,88,52,药子 纱绫,药子 纱绫,,,药子 纱绫,薬子 サヤ,薬子 沙耶,Yakushi Saya,야쿠시 사야,7,山海经高级中学
saya_casual,88,89,54,药子 纱绫（私服）,药子 纱绫,私服,,药子 纱绫（便服）,薬子 サヤ（私服）,薬子 沙耶（私服）,Yakushi Saya,야쿠시 사야,7,山海经高级中学
shun,90,90,1416,春原 瞬,春原 瞬,,,春原 瞬,春原 シュン,春原 旬,Sunohara Shun,스노하라 슌,7,山海经高级中学
CH0066,90,109,1586,春原 瞬（幼女）,春原 瞬,幼女,,春原 瞬（小）,春原 シュン（幼女）,春原 旬（幼女）,Sunohara Shun,스노하라 슌,7,山海经高级中学
CH0355,90,598,1700,春原 瞬（泳装）,春原 瞬,泳装,,春原 瞬（泳装）,春原 シュン（水着）,春原 旬（泳裝）,Sunohara Shun,스노하라 슌,7,山海经高级中学
NP0075,91,91,1743,"鹫见 芹娜（护士服,运动会）",鹫见 芹娜,,"护士服,运动会",鹫见 芹娜,鷲見 セリナ,鷲見 芹奈,Sumi Serina,스미 세리나,2,圣三一综合学园
serina,91,91,42,鹫见 芹娜,鹫见 芹娜,,,鹫见 芹娜,鷲見 セリナ,鷲見 芹奈,Sumi Serina,스미 세리나,2,圣三一综合学园
CH0194,91,153,1649,鹫见 芹娜（圣诞节）,鹫见 芹娜,圣诞节,,鹫见 芹娜（圣诞）,鷲見 セリナ（クリスマス）,鷲見 芹奈（聖誕節）,Sumi Serina,스미 세리나,2,圣三一综合学园
NP0003,92,92,1667,浦和 花子（运动服）,浦和 花子,,运动服,浦和 花子,浦和 ハナコ,浦和 花子,Urawa Hanako,우라와 하나코,2,圣三一综合学园
NP0004,92,92,1668,浦和 花子（学校泳装）,浦和 花子,,学校泳装,浦和 花子,浦和 ハナコ,浦和 花子,Urawa Hanako,우라와 하나코,2,圣三一综合学园
NP0110,92,92,1801,浦和 花子（领航服）,浦和 花子,,领航服,浦和 花子,浦和 ハナコ,浦和 花子,Urawa Hanako,우라와 하나코,2,圣三一综合学园
hanako,92,92,1827,浦和 花子,浦和 花子,,,浦和 花子,浦和 ハナコ,浦和 花子,Urawa Hanako,우라와 하나코,2,圣三一综合学园
CH0209,92,300,1469,浦和 花子（泳装）,浦和 花子,泳装,,浦和 花子（泳装）,浦和 ハナコ（水着）,浦和 花子（泳裝）,Urawa Hanako,우라와 하나코,2,圣三一综合学园
NP0151,92,300,1521,"浦和 花子（泳装,无水管）",浦和 花子,泳装,无水管,浦和 花子（泳装）,浦和 ハナコ（水着）,浦和 花子（泳裝）,Urawa Hanako,우라와 하나코,2,圣三一综合学园
tsubaki,93,93,1422,春日 椿,春日 椿,,,春日 椿,春日 ツバキ,春日 椿,Kasuga Tsubaki,카스가 츠바키,9,百鬼夜行联合学园
CH0255,93,360,1500,春日 椿（导游）,春日 椿,导游,,春日 椿（导游）,春日 ツバキ（ガイド）,春日 椿（導覽員）,Kasuga Tsubaki,카스가 츠바키,9,百鬼夜行联合学园
NP0058,94,94,1727,剑先 鹤城（运动服）,剑先 鹤城,,运动服,剑先 鹤城,剣先 ツルギ,劍先 弦生,Kenzaki Tsurugi,켄자키 츠루기,2,圣三一综合学园
NP0223,94,94,846,剑先 鹤城（演出服）,剑先 鹤城,,演出服,剑先 鹤城,剣先 ツルギ,劍先 弦生,Kenzaki Tsurugi,켄자키 츠루기,2,圣三一综合学园
tsurugi,94,94,1423,剑先 鹤城,剑先 鹤城,,,剑先 鹤城,剣先 ツルギ,劍先 弦生,Kenzaki Tsurugi,켄자키 츠루기,2,圣三一综合学园
CH0060,94,269,1584,剑先 鹤城（泳装）,剑先 鹤城,泳装,,剑先 鹤城（泳装）,剣先 ツルギ（水着）,劍先 弦生（泳裝）,Kenzaki Tsurugi,켄자키 츠루기,2,圣三一综合学园
tomoe,95,95,1421,佐城 智惠,佐城 智惠,,,佐城 巴,佐城 トモエ,佐城 智惠,Sashiro Tomoe,사시로 토모에,5,红冬联邦学园
CH0271,95,388,1273,佐城 智惠（旗袍）,佐城 智惠,旗袍,,佐城 巴（旗袍）,佐城 トモエ（チーパオ）,佐城 智惠（旗袍）,Sashiro Tomoe,사시로 토모에,5,红冬联邦学园
NP0076,98,98,1744,朝颜 花江（应援团）,朝颜 花江,,应援团,朝颜 花江,朝顔 ハナエ,朝顏 花繪,Asagao Hanae,아사가오 하나에,2,圣三一综合学园
hanae,98,98,1826,朝颜 花江,朝颜 花江,,,朝颜 花江,朝顔 ハナエ,朝顏 花繪,Asagao Hanae,아사가오 하나에,2,圣三一综合学园
CH0195,98,178,1650,朝颜 花江（圣诞节）,朝颜 花江,圣诞节,,朝颜 花江（圣诞）,朝顔 ハナエ（クリスマス）,朝顏 花繪（聖誕節）,Asagao Hanae,아사가오 하나에,2,圣三一综合学园
NP0220,100,100,1350,中务 桐乃（偶像服）,中务 桐乃,,偶像服,中务 桐乃,中務 キリノ,中務 桐乃,Nakatsukasa Kirino,나카츠카사 키리노,8,瓦尔基里警察学校
kirino,100,100,333,中务 桐乃,中务 桐乃,,,中务 桐乃,中務 キリノ,中務 桐乃,Nakatsukasa Kirino,나카츠카사 키리노,8,瓦尔基里警察学校
CH0262,100,377,1265,中务 桐乃（泳装）,中务 桐乃,泳装,,中务 桐乃（泳装）,中務 キリノ（水着）,中務 桐乃（泳裝）,Nakatsukasa Kirino,나카츠카사 키리노,8,瓦尔基里警察学校
CH0198,101,101,1651,黑崎 小雪,黑崎 小雪,,,黑崎 小雪,黒崎 コユキ,黒崎 小雪,Kurosaki Koyuki,쿠로사키 코유키,4,千禧科学学院
CH0162,101,161,1603,黑崎 小雪（兔女郎）,黑崎 小雪,兔女郎,,黑崎 小雪（邦妮）,黒崎 コユキ（バニーガール）,黒崎 小雪（兔女郎）,Kurosaki Koyuki,쿠로사키 코유키,4,千禧科学学院
CH0310,101,508,1310,黑崎 小雪（睡衣）,黑崎 小雪,睡衣,,黑崎 小雪,黒崎 コユキ（パジャマ）,黒崎 小雪（睡衣）,Kurosaki Koyuki,쿠로사키 코유키,4,千禧科学学院
aru_newyear,102,102,1817,陆八魔 阿露（正月）,陆八魔 阿露,正月,,陆八魔 爱露（新年）,陸八魔 アル（正月）,陸八魔 亞瑠（正月）,Rikuhachima Aru,리쿠하치마 아루,3,格赫娜学园
aru,102,112,1818,陆八魔 阿露,陆八魔 阿露,,,陆八魔 爱露,陸八魔 アル,陸八魔 亞瑠,Rikuhachima Aru,리쿠하치마 아루,3,格赫娜学园
CH0240,102,350,1489,陆八魔 阿露（礼服）,陆八魔 阿露,礼服,,陆八魔 爱露（礼服）,陸八魔 アル（ドレス）,陸八魔 亞瑠（禮服）,Rikuhachima Aru,리쿠하치마 아루,3,格赫娜学园
NP0049,103,103,1719,赤司 纯子（运动服）,赤司 纯子,,运动服,赤司 纯子,赤司 ジュンコ,赤司 淳子,Akashi Junko,아카시 준코,3,格赫娜学园
zunko,103,103,10,赤司 纯子,赤司 纯子,,,赤司 纯子,赤司 ジュンコ,赤司 淳子,Akashi Junko,아카시 준코,3,格赫娜学园
CH0192,103,146,1648,赤司 纯子（正月）,赤司 纯子,正月,,赤司 纯子（新年）,赤司 ジュンコ（正月）,赤司 淳子（正月）,Akashi Junko,아카시 준코,3,格赫娜学园
arona,104,104,1234,阿罗娜,阿罗娜,,,阿洛娜,アロナ,彩奈,Arona,아로나,6,夏莱
sora,105,105,1417,空,空,,,空,ソラ,空,Sora,소라,16,天使24便利店
shigure,106,106,39,间宵 时雨,间宵 时雨,,,间宵 时雨,間宵 シグレ,間宵 時雨,Mayoi Shigure,마요이 시구레,5,红冬联邦学园
CH0123,106,227,123,间宵 时雨（温泉）,间宵 时雨,温泉,,间宵 时雨（温泉）,間宵 シグレ（温泉）,間宵 時雨（溫泉）,Mayoi Shigure,마요이 시구레,5,红冬联邦学园
mutsuki,107,107,1407,浅黄 睦月,浅黄 睦月,,,浅黄 睦月,浅黄 ムツキ,淺黃 無月,Asagi Mutsuki,아사기 무츠키,3,格赫娜学园
mutsuki_newyear,107,177,1406,浅黄 睦月（正月）,浅黄 睦月,正月,,浅黄 睦月（新年）,浅黄 ムツキ（正月）,淺黃 無月（正月）,Asagi Mutsuki,아사기 무츠키,3,格赫娜学园
CH0246,107,352,1492,浅黄 睦月（礼服）,浅黄 睦月,礼服,,浅黄 睦月（礼服）,浅黄 ムツキ（ドレス）,淺黃 無月（禮服）,Asagi Mutsuki,아사기 무츠키,3,格赫娜学园
CH0248,107,354,1494,浅黄 睦月（西装）,浅黄 睦月,西装,,浅黄 睦月,浅黄 ムツキ,淺黃 無月,Asagi Mutsuki,아사기 무츠키,3,格赫娜学园
NP0234,108,108,1359,天童 爱丽丝（防寒服）,天童 爱丽丝,,防寒服,天童 爱丽丝,天童 アリス,天童 愛麗絲,Tendou Aris,텐도 아리스,4,千禧科学学院
aris,108,108,1816,天童 爱丽丝,天童 爱丽丝,,,天童 爱丽丝,天童 アリス,天童 愛麗絲,Tendou Aris,텐도 아리스,4,千禧科学学院
aris_noweapon,108,108,1815,天童 爱丽丝（无武器）,天童 爱丽丝,,无武器,天童 爱丽丝,天童 アリス,天童 愛麗絲,Tendou Aris,텐도 아리스,4,千禧科学学院
CH0200,108,152,1652,天童 爱丽丝（女仆）,天童 爱丽丝,女仆,,天童 爱丽丝（女仆）,天童 アリス（メイド）,天童 愛麗絲（女僕）,Tendou Aris,텐도 아리스,4,千禧科学学院
CH0334,108,574,1329,天童 爱丽丝（临战）,天童 爱丽丝,临战,,天童 爱丽丝（武装）,天童 アリス（臨戦）,天童 愛麗絲（武裝）,Tendou Aris,텐도 아리스,4,千禧科学学院
NP0281,108,574,1387,"天童 爱丽丝（临战,战损）",天童 爱丽丝,临战,战损,天童 爱丽丝（武装）,天童 アリス（臨戦）,天童 愛麗絲（武裝）,Tendou Aris,텐도 아리스,4,千禧科学学院
NP0068,110,110,1737,鳄渊 明里（运动服）,鳄渊 明里,,运动服,鳄渊 明里,鰐渕 アカリ,鰐渕 亞伽里,Wanibuchi Akari,와니부치 아카리,3,格赫娜学园
akari,110,110,1233,鳄渊 明里,鳄渊 明里,,,鳄渊 明里,鰐渕 アカリ,鰐渕 亞伽里,Wanibuchi Akari,와니부치 아카리,3,格赫娜学园
CH0196,110,155,205,鳄渊 明里（正月）,鳄渊 明里,正月,,鳄渊 明里（新年）,鰐渕 アカリ（正月）,鰐渕 亞伽里（正月）,Wanibuchi Akari,와니부치 아카리,3,格赫娜学园
NP0081,113,113,161,一之濑 明日奈（制服）,一之濑 明日奈,,制服,一之濑 明日奈,一之瀬 アスナ,一之瀬 明日奈,Ichinose Asuna,이치노세 아스나,4,千禧科学学院
asuna,113,113,1235,一之濑 明日奈,一之濑 明日奈,,,一之濑 明日奈,一之瀬 アスナ,一之瀬 明日奈,Ichinose Asuna,이치노세 아스나,4,千禧科学学院
CH0098,113,130,1242,一之濑 明日奈（兔女郎）,一之濑 明日奈,兔女郎,,一之濑 明日奈（邦妮）,一之瀬 アスナ（バニーガール）,一之瀬 明日奈（兔女郎）,Ichinose Asuna,이치노세 아스나,4,千禧科学学院
CH0281,113,512,1283,一之濑 明日奈（制服）,一之濑 明日奈,制服,,一之濑 明日奈（制服）,一之瀬 アスナ（制服）,一之瀬 明日奈,Ichinose Asuna,이치노세 아스나,4,千禧科学学院
NP0081,113,512,1749,"一之濑 明日奈（制服,NPC时期）",一之濑 明日奈,制服,NPC时期,一之濑 明日奈（制服）,一之瀬 アスナ（制服）,一之瀬 明日奈,Ichinose Asuna,이치노세 아스나,4,千禧科学学院
CH0071,114,114,1454,仲正 一花,仲正 一花,,,仲正 一花,仲正 イチカ,仲正 一花,Nakamasa ichika,나카마사 이치카,2,圣三一综合学园
NP0222,114,114,1352,仲正 一花（燕尾服）,仲正 一花,,燕尾服,仲正 一花,仲正 イチカ,仲正 一花,Nakamasa ichika,나카마사 이치카,2,圣三一综合学园
CH0292,114,542,1294,仲正 一花（泳装）,仲正 一花,泳装,,仲正 一花（泳装）,仲正 イチカ（水着）,仲正 一花（泳裝）,Nakamasa ichika,나카마사 이치카,2,圣三一综合学园
CH0079,115,115,99,羽沼 真琴,羽沼 真琴,,,羽沼 真琴,羽沼 マコト,羽沼 真琴,Hanuma Makoto,하누마 마코토,3,格赫娜学园
CH0253,115,539,1498,羽沼 真琴（礼服）,羽沼 真琴,礼服,,羽沼 真琴（礼服）,羽沼 マコト（ドレス）,羽沼 真琴（禮服）,Hanuma Makoto,하누마 마코토,3,格赫娜学园
CH0344,115,610,1785,羽沼 真琴（泳装）,羽沼 真琴,泳装,,羽沼 真琴（泳装）,羽沼 マコト（水着）,羽沼 真琴（泳装）,Hanuma Makoto,하누마 마코토,3,格赫娜学园
NP0298,115,610,1780,"羽沼 真琴（泳装,海盗装）",羽沼 真琴,泳装,海盗装,羽沼 真琴（泳装）,羽沼 マコト（水着）,羽沼 真琴（泳装）,Hanuma Makoto,하누마 마코토,3,格赫娜学园
CH0089,116,116,1455,鬼怒川 霞,鬼怒川 霞,,,鬼怒川 霞,鬼怒川 カスミ,鬼怒川 佳澄,Kinugawa Kasumi,키누가와 카스미,3,格赫娜学园
CH0328,116,546,1324,鬼怒川 霞（泳装）,鬼怒川 霞,泳装,,鬼怒川 霞（泳装）,鬼怒川 カスミ（水着）,鬼怒川 佳澄（泳裝）,Kinugawa Kasumi,키누가와 카스미,3,格赫娜学园
NP0280,116,546,1386,"鬼怒川 霞（泳装,摘下外套）",鬼怒川 霞,泳装,摘下外套,鬼怒川 霞（泳装）,鬼怒川 カスミ（水着）,鬼怒川 佳澄（泳裝）,Kinugawa Kasumi,키누가와 카스미,3,格赫娜学园
chinatsu,117,117,1390,火宫 千夏,火宫 千夏,,,火宫 千夏,火宮 チナツ,火宮 千夏,Hinomiya Chinatsu,히노미야 치나츠,3,格赫娜学园
CH0163,117,140,1604,火宫 千夏（温泉）,火宫 千夏,温泉,,火宫 千夏（温泉）,火宮 チナツ（温泉）,火宮 千夏（溫泉）,Hinomiya Chinatsu,히노미야 치나츠,3,格赫娜学园
NP0225,118,118,1353,伊原木 好美（鬼屋装扮）,伊原木 好美,,鬼屋装扮,伊原木 好美,伊原木 ヨシミ,伊原木 喜美,Ibaragi Yoshimi,이바라기 요시미,2,圣三一综合学园
yoshimi,118,118,1425,伊原木 好美,伊原木 好美,,,伊原木 好美,伊原木 ヨシミ,伊原木 喜美,Ibaragi Yoshimi,이바라기 요시미,2,圣三一综合学园
CH0220,118,370,1477,伊原木 好美（乐队）,伊原木 好美,乐队,,伊原木 好美（乐队）,伊原木 ヨシミ（バンド）,伊原木 喜美（樂團）,Ibaragi Yoshimi,이바라기 요시미,2,圣三一综合学园
NP0187,118,370,1548,"伊原木 好美（乐队,白背心）",伊原木 好美,乐队,白背心,伊原木 好美（乐队）,伊原木 ヨシミ（バンド）,伊原木 喜美（樂團）,Ibaragi Yoshimi,이바라기 요시미,2,圣三一综合学园
nodoka,119,119,325,天见 和香,天见 和香,,,天见 和香,天見 ノドカ,天見 和香,Amami Nodoka,아마미 노도카,5,红冬联邦学园
CH0165,119,120,1605,天见 和香（温泉）,天见 和香,温泉,,天见 和香（温泉）,天見 ノドカ（温泉）,天見 和香（溫泉）,Amami Nodoka,아마미 노도카,5,红冬联邦学园
CH0086,123,123,1587,鬼方 佳代子（正月）,鬼方 佳代子,正月,,鬼方 佳代子（新年）,鬼方 カヨコ（正月）,鬼方 佳世子（正月）,Onikata Kayoko,오니카타 카요코,3,格赫娜学园
NP0118,123,176,1807,鬼方 佳代子（领航服）,鬼方 佳代子,,领航服,鬼方 佳代子,鬼方 カヨコ,鬼方 佳世子,Onikata Kayoko,오니카타 카요코,3,格赫娜学园
kayoko,123,176,328,鬼方 佳代子,鬼方 佳代子,,,鬼方 佳代子,鬼方 カヨコ,鬼方 佳世子,Onikata Kayoko,오니카타 카요코,3,格赫娜学园
CH0239,123,351,1488,鬼方 佳代子（礼服）,鬼方 佳代子,礼服,,鬼方 佳代子（礼服）,鬼方 カヨコ（ドレス）,鬼方 佳世子（禮服）,Onikata Kayoko,오니카타 카요코,3,格赫娜学园
CH0087,124,124,1588,伊草 遥香（正月）,伊草 遥香,正月,,伊草 春香（新年）,伊草 ハルカ（正月）,伊草 遙香（正月）,Igusa Haruka,이구사 하루카,3,格赫娜学园
haruka,124,192,1829,伊草 遥香,伊草 遥香,,,伊草 春香,伊草 ハルカ,伊草 遙香,Igusa Haruka,이구사 하루카,3,格赫娜学园
CH0247,124,353,1493,伊草 遥香（礼服）,伊草 遥香,礼服,,伊草 春香（礼服）,伊草 ハルカ（ドレス）,伊草 遙香（禮服）,Igusa Haruka,이구사 하루카,3,格赫娜学园
CH0249,124,355,1495,伊草 遥香（西装）,伊草 遥香,西装,,伊草 春香,伊草 ハルカ,伊草 遙香,Igusa Haruka,이구사 하루카,3,格赫娜学园
blacksuit,125,125,1821,黑服,黑服,,,黑服,黒服,黑色西裝人,Black Suit,검은 양복,20,数秘术
CH0109,126,126,1243,天地 尼娅,天地 尼娅,,,天地 尼娅,天地 ニヤ,天地 仁耶,Amachi Niya,아마치 니야,9,百鬼夜行联合学园
NP0248,126,126,1370,天地 尼娅（战损）,天地 尼娅,,战损,天地 尼娅,天地 ニヤ,天地 仁耶,Amachi Niya,아마치 니야,9,百鬼夜行联合学园
CH0110,127,127,1456,里滨 海夏,里滨 海夏,,,里浜 海香,里浜 ウミカ,里浜 海花,Satohama Umika,사토하마 우미카,9,百鬼夜行联合学园
CH0135,128,128,1458,朱城 留美,朱城 留美,,,朱城 瑠海,朱城 ルミ,朱城 瑠美,Akeshiro Rumi,아케시로 루미,7,山海经高级中学
NP0233,128,128,1358,朱城 留美（幼儿园）,朱城 留美,,幼儿园,朱城 瑠海,朱城 ルミ,朱城 瑠美,Akeshiro Rumi,아케시로 루미,7,山海经高级中学
CH0361,128,604,1703,朱城 留美（泳装）,朱城 留美,泳装,,朱城 瑠海（泳装）,朱城 ルミ（水着）,朱城 瑠美（泳裝）,Akeshiro Rumi,아케시로 루미,7,山海经高级中学
CH0152,129,129,1599,苍森 美弥,苍森 美弥,,,苍森 美祢,蒼森 ミネ,蒼森 美禰,Aomori Mine,아오모리 미네,2,圣三一综合学园
CH0275,129,500,1277,苍森 美弥（偶像）,苍森 美弥,偶像,,苍森 美祢（偶像）,蒼森 ミネ（アイドル）,蒼森 美禰（偶像）,Aomori Mine,아오모리 미네,2,圣三一综合学园
CH0138,131,131,1459,近卫 南,近卫 南,,,近卫 南,近衛 ミナ,近衛 美奈,Konoe Mina,코노에 미나,7,山海经高级中学
CH0158,133,133,1248,调月 莉音,调月 莉音,,,调月 莉音,調月 リオ,調月 莉央,Tsukatsuki Rio,츠카츠키 리오,4,千禧科学学院
NP0085,133,133,1752,调月 莉音（AMAS战斗机器人）,调月 莉音,,AMAS战斗机器人,调月 莉音,調月 リオ,調月 莉央,Tsukatsuki Rio,츠카츠키 리오,4,千禧科学学院
NP0122,133,133,76,调月 莉音（AMAS小机器人）,调月 莉音,,AMAS小机器人,调月 莉音,調月 リオ,調月 莉央,Tsukatsuki Rio,츠카츠키 리오,4,千禧科学学院
NP0240,133,133,1363,调月 莉音（防寒服）,调月 莉音,,防寒服,调月 莉音,調月 リオ,調月 莉央,Tsukatsuki Rio,츠카츠키 리오,4,千禧科学学院
CH0331,133,571,1326,调月 莉音（临战）,调月 莉音,临战,,调月 莉音（武装）,調月 リオ（臨戦）,調月 莉央（武裝）,Tsukatsuki Rio,츠카츠키 리오,4,千禧科学学院
CH0166,134,134,1249,河驹风 兰舞,河驹风 兰舞,,,河驹风 兰舞,河駒風 ラブ,河驹风 良舞,Komakaze Rabu,코마카제 라브,2,圣三一综合学园
NP0262,134,134,1380,河驹风 兰舞（玩偶服）,河驹风 兰舞,,玩偶服,河驹风 兰舞,河駒風 ラブ,河驹风 良舞,Komakaze Rabu,코마카제 라브,2,圣三一综合学园
CH0279,134,379,1281,河驹风 兰舞（泳装）,河驹风 兰舞,泳装,,河驹风 兰舞（泳装）,河駒風 ラブ（水着）,河驹风 良舞（泳裝）,Komakaze Rabu,코마카제 라브,2,圣三一综合学园
CH0199,135,135,208,砂狼 白子*恐怖,砂狼 白子*恐怖,,,砂狼 白子*恐怖,砂狼 シロコ＊テラー,砂狼 白子*TERROR,Sunaookami Shiroko*terror,스나오오카미 시로코*테러,1,阿比多斯高中
CH0263,135,135,776,砂狼 白子*恐怖（光环修复）,砂狼 白子*恐怖,,光环修复,砂狼 白子*恐怖,砂狼 シロコ＊テラー,砂狼 白子*TERROR,Sunaookami Shiroko*terror,스나오오카미 시로코*테러,1,阿比多斯高中
NP0125,135,135,71,砂狼 白子*恐怖（战损）,砂狼 白子*恐怖,,战损,砂狼 白子*恐怖,砂狼 シロコ＊テラー,砂狼 白子*TERROR,Sunaookami Shiroko*terror,스나오오카미 시로코*테러,1,阿比多斯高中
NP0231,135,135,793,"砂狼 白子*恐怖（头套,破碎光环）",砂狼 白子*恐怖,,"头套,破碎光环",砂狼 白子*恐怖,砂狼 シロコ＊テラー,砂狼 白子*TERROR,Sunaookami Shiroko*terror,스나오오카미 시로코*테러,1,阿比多斯高中
NP0232,135,135,794,"砂狼 白子*恐怖（头套,修复光环）",砂狼 白子*恐怖,,"头套,修复光环",砂狼 白子*恐怖,砂狼 シロコ＊テラー,砂狼 白子*TERROR,Sunaookami Shiroko*terror,스나오오카미 시로코*테러,1,阿比多斯高中
ibuki,136,136,1559,丹花 伊吹,丹花 伊吹,,,丹花 伊吹,丹花 イブキ,丹花 伊吹,Tanga Ibuki,탄가 이부키,3,格赫娜学园
CH0254,136,538,1499,丹花 伊吹（礼服）,丹花 伊吹,礼服,,丹花 伊吹（礼服）,丹花 イブキ（ドレス）,丹花 伊吹（禮服）,Tanga Ibuki,탄가 이부키,3,格赫娜学园
CH0347,136,609,1788,丹花 伊吹（泳装）,丹花 伊吹,泳装,,丹花 伊吹（泳装）,丹花 イブキ（水着）,丹花 伊吹（泳裝）,Tanga Ibuki,탄가 이부키,3,格赫娜学园
NP0301,136,609,1783,"丹花 伊吹（泳装,海盗装）",丹花 伊吹,泳装,海盗装,丹花 伊吹（泳装）,丹花 イブキ（水着）,丹花 伊吹（泳裝）,Tanga Ibuki,탄가 이부키,3,格赫娜学园
CH0100,137,137,1592,角楯 花凛（兔女郎）,角楯 花凛,兔女郎,,角楯 花凛（邦妮）,角楯 カリン（バニーガール）,角楯 花凛（兔女郎）,Kakudate Karin,카쿠다테 카린,4,千禧科学学院
NP0082,137,175,160,角楯 花凛（制服）,角楯 花凛,,制服,角楯 花凛,角楯 カリン,角楯 花凛,Kakudate Karin,카쿠다테 카린,4,千禧科学学院
karin,137,175,1399,角楯 花凛,角楯 花凛,,,角楯 花凛,角楯 カリン,角楯 花凛,Kakudate Karin,카쿠다테 카린,4,千禧科学学院
CH0282,137,513,1284,角楯 花凛（制服）,角楯 花凛,制服,,角楯 花凛（制服）,角楯 カリン（制服）,角楯 花凛,Kakudate Karin,카쿠다테 카린,4,千禧科学学院
NP0082,137,513,1750,"角楯 花凛（制服,NPC时期）",角楯 花凛,制服,NPC时期,角楯 花凛（制服）,角楯 カリン（制服）,角楯 花凛,Kakudate Karin,카쿠다테 카린,4,千禧科学学院
CH0101,138,138,1593,美甘 妮禄（兔女郎）,美甘 妮禄,兔女郎,,美甘 妮露（邦妮）,美甘 ネル（バニーガール）,美甘 寧瑠（兔女郎）,Mikamo Neru,미카모 네루,4,千禧科学学院
NP0088,138,213,1755,美甘 妮禄（流血）,美甘 妮禄,,流血,美甘 妮露,美甘 ネル,美甘 寧瑠,Mikamo Neru,미카모 네루,4,千禧科学学院
NP0089,138,213,1756,美甘 妮禄（包扎）,美甘 妮禄,,包扎,美甘 妮露,美甘 ネル,美甘 寧瑠,Mikamo Neru,미카모 네루,4,千禧科学学院
neru,138,213,326,美甘 妮禄,美甘 妮禄,,,美甘 妮露,美甘 ネル,美甘 寧瑠,Mikamo Neru,미카모 네루,4,千禧科学学院
CH0280,138,514,1282,美甘 妮禄（制服）,美甘 妮禄,制服,,美甘 妮露（制服）,美甘 ネル（制服）,美甘 寧瑠,Mikamo Neru,미카모 네루,4,千禧科学学院
CH0155,139,139,1600,柚鸟 夏,柚鸟 夏,,,柚鸟 夏,柚鳥 ナツ,柚鳥 夏,Yutori Natsu,유토리 나츠,2,圣三一综合学园
NP0057,139,139,1726,柚鸟 夏（运动服）,柚鸟 夏,,运动服,柚鸟 夏,柚鳥 ナツ,柚鳥 夏,Yutori Natsu,유토리 나츠,2,圣三一综合学园
NP0228,139,139,1355,柚鸟 夏（鬼屋装扮）,柚鸟 夏,,鬼屋装扮,柚鸟 夏,柚鳥 ナツ,柚鳥 夏,Yutori Natsu,유토리 나츠,2,圣三一综合学园
CH0221,139,371,1252,柚鸟 夏（乐队）,柚鸟 夏,乐队,,柚鸟 夏（乐队）,柚鳥 ナツ（バンド）,柚鳥 夏（樂團）,Yutori Natsu,유토리 나츠,2,圣三一综合学园
NP0190,139,371,713,"柚鸟 夏（乐队,白背心）",柚鸟 夏,乐队,白背心,柚鸟 夏（乐队）,柚鳥 ナツ（バンド）,柚鳥 夏（樂團）,Yutori Natsu,유토리 나츠,2,圣三一综合学园
CH0164,141,141,1607,连河 切里诺（温泉）,连河 切里诺,温泉,,连河 切里诺（温泉）,連河 チェリノ（温泉）,連河 潔莉諾（溫泉）,Renkawa Cherino,렌카와 체리노,5,红冬联邦学园
cherino,141,179,1389,连河 切里诺,连河 切里诺,,,连河 切里诺,連河 チェリノ,連河 潔莉諾,Renkawa Cherino,렌카와 체리노,5,红冬联邦学园
CH0278,141,391,1280,连河 切里诺（旗袍）,连河 切里诺,旗袍,,连河 切里诺（旗袍）,連河 チェリノ（チーパオ）,連河 潔莉諾（旗袍）,Renkawa Cherino,렌카와 체리노,5,红冬联邦学园
CH0167,142,142,1250,宇泽 玲纱,宇泽 玲纱,,,宇泽 玲纱,宇沢 レイサ,宇澤 澪紗,Uzawa Reisa,우자와 레이사,2,圣三一综合学园
CH0326,142,565,1322,宇泽 玲纱（魔法）,宇泽 玲纱,魔法,,宇泽 玲纱,宇沢 レイサ（マジカル）,宇澤 澪紗,Uzawa Reisa,우자와 레이사,2,圣三一综合学园
CH0107,143,143,1594,桑上 果穗,桑上 果穗,,,桑上 果穗,桑上 カホ,桑上 佳穗,Kuwakami Kaho,쿠와카미 카호,9,百鬼夜行联合学园
CH0170,144,144,1608,尾刃 叶渚,尾刃 叶渚,,,尾刃 康娜,尾刃 カンナ,尾刃 環奈,Ogata Kanna,오가타 칸나,8,瓦尔基里警察学校
NP0105,144,144,1796,尾刃 叶渚（战损）,尾刃 叶渚,,战损,尾刃 康娜,尾刃 カンナ,尾刃 環奈,Ogata Kanna,오가타 칸나,8,瓦尔基里警察学校
CH0260,144,375,1263,尾刃 叶渚（泳装）,尾刃 叶渚,泳装,,尾刃 康娜（泳装）,尾刃 カンナ（水着）,尾刃 環奈（泳裝）,Ogata Kanna,오가타 칸나,8,瓦尔基里警察学校
CH0191,145,145,1647,黑馆 晴奈（正月）,黑馆 晴奈,正月,,黑馆 晴奈（新年）,黒舘 ハルナ（正月）,黒舘 羽留奈（正月）,Kurodate Haruna,쿠로다테 하루나,3,格赫娜学园
CH0193,145,154,201,黑馆 晴奈（体操服）,黑馆 晴奈,体操服,,黑馆 晴奈（体操服）,黒舘 ハルナ（体操服）,黒舘 羽留奈（體育服）,Kurodate Haruna,쿠로다테 하루나,3,格赫娜学园
haruna,145,195,1830,黑馆 晴奈,黑馆 晴奈,,,黑馆 晴奈,黒舘 ハルナ,黒舘 羽留奈,Kurodate Haruna,쿠로다테 하루나,3,格赫娜学园
kaitenranger_black,147,147,317,回转黑,回转黑,,,回转者·黑,カイテンブラック,凱坦澤Black,Kaitenger Black,카이텐져 블랙,17,不良少女们
kaitenranger_green,148,148,319,回转绿,回转绿,,,回转者·绿,カイテングリーン,凱坦澤Green,Kaitenger Green,카이텐져 그린,17,不良少女们
kaitenranger_pink,149,149,320,回转粉,回转粉,,,回转者·粉,カイテンピンク,凱坦澤Pink,Kaitenger Pink,카이텐져 핑크,17,不良少女们
kaitenranger_red,150,150,322,回转红,回转红,,,回转者·红,カイテンレッド,凱坦澤Red,Kaitenger Red,카이텐져 레드,17,不良少女们
kaitenranger_yellow,151,151,324,回转黄,回转黄,,,回转者·黄,カイテンイエロー,凱坦澤Yellow,Kaitenger Yellow,카이텐져 옐로,17,不良少女们
NP0007,157,157,1671,下江 小春（运动服）,下江 小春,,运动服,下江 小春,下江 コハル,下江 小春,Shimoe Koharu,시모에 코하루,2,圣三一综合学园
NP0008,157,157,1672,下江 小春（学校泳装）,下江 小春,,学校泳装,下江 小春,下江 コハル,下江 小春,Shimoe Koharu,시모에 코하루,2,圣三一综合学园
koharu,157,157,334,下江 小春,下江 小春,,,下江 小春,下江 コハル,下江 小春,Shimoe Koharu,시모에 코하루,2,圣三一综合学园
CH0205,157,299,1468,下江 小春（泳装）,下江 小春,泳装,,下江 小春（泳装）,下江 コハル（水着）,下江 小春（泳裝）,Shimoe Koharu,시모에 코하루,2,圣三一综合学园
eimi,158,158,1391,和泉元 艾米,和泉元 艾米,,,和泉元 艾米,和泉元 エイミ,和泉元 英美,Izumimoto Eimi,이즈미모토 에이미,4,千禧科学学院
CH0219,158,334,642,和泉元 艾米（泳装）,和泉元 艾米,泳装,,和泉元 艾米（泳装）,和泉元 エイミ（水着）,和泉元 英美（泳裝）,Izumimoto Eimi,이즈미모토 에이미,4,千禧科学学院
CH0337,158,576,1331,和泉元 艾米（临战）,和泉元 艾米,临战,,和泉元 艾米（武装）,和泉元 エイミ（臨戦）,和泉元 英美（武裝）,Izumimoto Eimi,이즈미모토 에이미,4,千禧科学学院
erika,159,159,1626,旗见 绘里香,旗见 绘里香,,,旗见 绘梨香,旗見 エリカ,旗見 繪里香,hatami erika,하타미 에리카,3,格赫娜学园
hare,160,160,1828,小钩 晴,小钩 晴,,,小钩 晴,小鈎 ハレ,小鈎 晴,Omagari Hare,오마가리 하레,4,千禧科学学院
CH0233,160,340,1485,小钩 晴（露营）,小钩 晴,露营,,小钩 晴（露营）,小鈎 ハレ（キャンプ）,小鈎 晴（露營）,Omagari Hare,오마가리 하레,4,千禧科学学院
CH0311,160,507,1311,小钩 晴（睡衣）,小钩 晴,睡衣,,小钩 晴,小鈎 ハレ（パジャマ）,小鈎 晴（睡衣）,Omagari Hare,오마가리 하레,4,千禧科学学院
NP0060,162,162,1729,正义实现委员会部员A（运动服）,正义实现委员会部员A,,运动服,,正義実現委員会部員,,,,2,圣三一综合学园
justice_normal1,162,162,1663,正义实现委员会部员A,正义实现委员会部员A,,,,正義実現委員会部員,,,,2,圣三一综合学园
kirara,163,163,1560,夜樱 绮良,夜樱 绮良,,,夜樱 绮罗罗,夜桜 キララ,夜櫻 綺羅羅,Yozakura Kirara,요자쿠라 키라라,3,格赫娜学园
NP0114,164,164,1804,巨匠（战损）,巨匠,,战损,巨匠,マエストロ,瑪艾斯托洛,Maestro,마에스트로,20,数秘术
maestro,164,164,1664,巨匠,巨匠,,,巨匠,マエストロ,瑪艾斯托洛,Maestro,마에스트로,20,数秘术
mai,165,165,341,风卷 舞,风卷 舞,,,风卷 舞,風巻 マイ,風卷 麻衣,Kazamaki Mai,카자마키 마이,13,克罗诺斯学校
CH0214,166,166,1472,安守 实梨,安守 实梨,,,安守 实梨,安守 ミノリ,安守 實里,Yasumori Minori,야스모리 미노리,5,红冬联邦学园
momiji,167,167,1561,秋泉 红叶,秋泉 红叶,,,秋泉 红叶,秋泉 モミジ,秋泉 紅葉,Akiizumi Momiji,아키이즈미 모미지,5,红冬联邦学园
NP0013,168,168,1332,岩柜 步美,岩柜 步美,,,岩柜 步,岩櫃 アユム,岩櫃 步,Iwabitsu Ayumu,이와비츠 아유무,12,联邦学生会
NP0099,168,168,1765,岩柜 步美（领航服）,岩柜 步美,,领航服,岩柜 步,岩櫃 アユム,岩櫃 步,Iwabitsu Ayumu,이와비츠 아유무,12,联邦学生会
NP0015,169,169,1619,不知火 花耶,不知火 花耶,,,不知火 花耶,不知火 カヤ,不知火 香耶,Shiranui Kaya,시라누이 카야,12,联邦学生会
NP0292,169,169,1574,不知火 花耶（囚服）,不知火 花耶,,囚服,不知火 花耶,不知火 カヤ,不知火 香耶,Shiranui Kaya,시라누이 카야,12,联邦学生会
NP0029,170,170,1689,贝阿朵莉切,贝阿朵莉切,,,贝缇丽彩,ベアトリーチェ,貝雅特里榭,Beatrice,베아트리체,20,数秘术
NP0032,171,171,1333,扇喜 葵,扇喜 葵,,,扇喜 葵,扇喜 アオイ,扇喜 碧,Oki Aoi,오키 아오이,12,联邦学生会
NP0034,172,172,1691,凯撒PMC 理事（度假）,凯撒PMC 理事,度假,,凯撒PMC 董事,カイザーPMC 理事,凱薩PMC 董事,Kaiser PMC Director,카이저PMC 이사,19,凯撒集团
pmcdirector,172,201,63,凯撒PMC 理事,凯撒PMC 理事,,,凯撒PMC 董事,カイザーPMC 理事,凱薩PMC 董事,Kaiser PMC Director,카이저PMC 이사,19,凯撒集团
NP0035,173,173,263,普拉娜,普拉娜,,,普拉娜,プラナ,星奈,Plana (Planetarium),프라나,6,夏莱
NP0038,174,174,1693,葛叶,葛叶,,,葛叶,クズノハ,葛葉,Kuzunoha,쿠즈노하,9,百鬼夜行联合学园
suzumi,181,181,1420,守月 铃美,守月 铃美,,,守月 铃美,守月 スズミ,守月 鈴美,Morizuki Suzumi,모리즈키 스즈미,2,圣三一综合学园
CH0325,181,563,1321,守月 铃美（魔法）,守月 铃美,魔法,,守月 铃美,守月 スズミ（マジカル）,守月 鈴美,Morizuki Suzumi,모리즈키 스즈미,2,圣三一综合学园
NP0050,182,182,1720,小涂 真纪（运动服）,小涂 真纪,,运动服,小涂 真纪,小塗 マキ,小塗 真紀,Konuri Maki,코누리 마키,4,千禧科学学院
maki,182,182,342,小涂 真纪,小涂 真纪,,,小涂 真纪,小塗 マキ,小塗 真紀,Konuri Maki,코누리 마키,4,千禧科学学院
CH0235,182,343,1256,小涂 真纪（露营）,小涂 真纪,露营,,小涂 真纪（露营）,小塗 マキ（キャンプ）,小塗 真紀（露營）,Konuri Maki,코누리 마키,4,千禧科学学院
CH0312,182,509,1312,小涂 真纪（睡衣）,小涂 真纪,睡衣,,小涂 真纪,小塗 マキ（パジャマ）,小塗 真紀（睡衣）,Konuri Maki,코누리 마키,4,千禧科学学院
NP0097,183,183,1763,七神 凛（领航服）,七神 凛,,领航服,七神 凛,七神 リン,七神 琳,Nanagami Rin,나나가미 린,12,联邦学生会
NP0291,183,183,1573,七神 凛（私服）,七神 凛,,私服,七神 凛,七神 リン,七神 琳,Nanagami Rin,나나가미 린,12,联邦学生会
rin,183,183,1411,七神 凛,七神 凛,,,七神 凛,七神 リン,七神 琳,Nanagami Rin,나나가미 린,12,联邦学生会
NP0098,184,184,1764,由良木 桃香（领航服）,由良木 桃香,,领航服,由良木 桃可,由良木 モモカ,由良木 桃香,Yuragi Momoka,유라키 모모카,12,联邦学生会
momoka,184,184,1405,由良木 桃香,由良木 桃香,,,由良木 桃可,由良木 モモカ,由良木 桃香,Yuragi Momoka,유라키 모모카,12,联邦学生会
juri,186,186,1398,牛牧 朱莉,牛牧 朱莉,,,牛牧 朱莉,牛牧 ジュリ,牛牧 茱莉,Ushimaki Juri,우시마키 주리,3,格赫娜学园
CH0286,186,521,1288,牛牧 朱莉（打工）,牛牧 朱莉,打工,,牛牧 朱莉,牛牧 ジュリ（アルバイト）,牛牧 茱莉,Ushimaki Juri,우시마키 주리,3,格赫娜学园
NP0061,187,187,1730,乙花 堇（运动服）,乙花 堇,,运动服,乙花 堇,乙花 スミレ,乙花 堇,Otohana Sumire,오토하나 스미레,4,千禧科学学院
sumire,187,187,1419,乙花 堇,乙花 堇,,,乙花 堇,乙花 スミレ,乙花 堇,Otohana Sumire,오토하나 스미레,4,千禧科学学院
CH0287,187,523,1289,乙花 堇（打工）,乙花 堇,打工,,乙花 堇（打工）,乙花 スミレ（アルバイト）,乙花 堇,Otohana Sumire,오토하나 스미레,4,千禧科学学院
sukeban_sr,188,188,25,不良学生A,不良学生A,,,,チンピラA,,,,17,不良少女们
sukeban_smg,189,189,1418,不良学生B,不良学生B,,,,チンピラB,,,,17,不良少女们
sukeban_hmg,190,190,27,不良学生C,不良学生C,,,,チンピラC,,,,17,不良少女们
soldier_onsendev_rl,191,191,1810,温泉开发部部员A,温泉开发部部员A,,,,温泉部の部員A,,,,3,格赫娜学园
shinon,193,193,35,川流 诗乃,川流 诗乃,,,川流 诗音,川流 シノン,川流 詩音,Kawaru shinon,카와루 시논,13,克罗诺斯学校
shimiko,194,194,1415,圆堂 志美子,圆堂 志美子,,,圆堂 志美子,円堂 シミコ,円堂 志美子,Endo Shimiko,엔도우 시미코,2,圣三一综合学园
CH0327,194,566,1323,圆堂 志美子（魔法）,圆堂 志美子,魔法,,圆堂 志美子,円堂 シミコ（マジカル）,円堂 志美子,Endo Shimiko,엔도우 시미코,2,圣三一综合学园
shibasekimaster,196,196,40,柴老板,柴老板,,,柴师傅,柴大将,柴大將,Master Shiba,마스터 시바,18,地方组织与居民
schoolgirl02_sukebanswim_mg,197,197,1838,不良学生D（泳装）,不良学生D,泳装,,,チンピラ D,,,,18,地方组织与居民
schoolgirl01_sukebanswim_smg,198,198,1837,不良学生E（泳装）,不良学生E,泳装,,,チンピラE,,,,18,地方组织与居民
royalguard_redwinter1,199,199,58,红冬亲卫队成员A,红冬亲卫队成员A,,,,レッドウィンターの レッドウィンターの親衛隊員A,,,,5,红冬联邦学园
police_valkyrie_sg,200,200,1809,瓦尔基里学生A,瓦尔基里学生A,,,,ヴァルキューレの生徒A,,,,8,瓦尔基里警察学校
NP0134,200,283,1511,瓦尔基里学生A（泳装）,瓦尔基里学生A,泳装,,,ヴァルキューレの生徒A,,,,8,瓦尔基里警察学校
peroro,202,202,67,佩洛洛,佩洛洛,,,,ペロロ,,Peroro,,0,
NP0090,203,203,1757,歌住 樱子（圣徒会制服）,歌住 樱子,,圣徒会制服,歌住 樱子,歌住 サクラコ,歌住 櫻子,Utazumi Sakurako,우타즈미 사쿠라코,2,圣三一综合学园
sakurako,203,203,56,歌住 樱子,歌住 樱子,,,歌住 樱子,歌住 サクラコ,歌住 櫻子,Utazumi Sakurako,우타즈미 사쿠라코,2,圣三一综合学园
CH0274,203,499,1276,歌住 樱子（偶像）,歌住 樱子,偶像,,歌住 樱子（偶像）,歌住 サクラコ（アイドル）,歌住 櫻子（偶像）,Utazumi Sakurako,우타즈미 사쿠라코,2,圣三一综合学园
NP0121,204,204,1508,玄龙门成员A,玄龙门成员A,,,,玄龍門の生徒A,,,,7,山海经高级中学
NP0115,205,205,1805,弗朗西斯,弗朗西斯,,,弗朗西斯,フランシス,法蘭西斯,Francis,프랜시스,20,数秘术
NP0106,208,208,1797,联邦学生会行政人员A,联邦学生会行政人员A,,,,連邦生徒会の行政員A,,,,12,联邦学生会
NP0107,209,209,1798,联邦学生会行政官A,联邦学生会行政官A,,,,連邦生徒会の行政官A,,,,12,联邦学生会
kotama,212,212,1400,音濑 小玉,音濑 小玉,,,音濑 小玉,音瀬 コタマ,音瀬 小玉,Otose Kotama,오토세 코타마,4,千禧科学学院
CH0232,212,341,1484,音濑 小玉（露营）,音濑 小玉,露营,,音濑 小玉（露营）,音瀬 コタマ（キャンプ）,音瀬 小玉（露營）,Otose Kotama,오토세 코타마,4,千禧科学学院
CH0314,212,511,1314,音濑 小玉（睡衣）,音濑 小玉,睡衣,,音濑 小玉,音瀬 コタマ（パジャマ）,音瀬 小玉（睡衣）,Otose Kotama,오토세 코타마,4,千禧科学学院
CH0113,214,214,1244,千鸟 满,千鸟 满,,,千鸟 满,千鳥 ミチル,千鳥 三千留,Chidori Michiru,치도리 미치루,9,百鬼夜行联合学园
CH0296,214,569,1298,千鸟 满（礼服）,千鸟 满,礼服,,千鸟 满（礼服）,千鳥 ミチル（ドレス）,千鳥 三千留（禮服）,Chidori Michiru,치도리 미치루,9,百鬼夜行联合学园
pina,215,215,1409,朝比奈 菲娜,朝比奈 菲娜,,,朝比奈 菲娜,朝比奈 フィーナ,朝比奈 菲娜,Asahina Pina,아사히나 피나,9,百鬼夜行联合学园
CH0257,215,362,1262,朝比奈 菲娜（导游）,朝比奈 菲娜,导游,,朝比奈 菲娜（导游）,朝比奈 フィーナ（ガイド）,朝比奈 菲娜（導覽員）,Asahina Pina,아사히나 피나,9,百鬼夜行联合学园
CH0080,216,216,1239,京极 皋月,京极 皋月,,,京极 皋月,京極 サツキ,京極 皐月,Kyougoku Satsuki,쿄고쿠 사츠키,3,格赫娜学园
CH0345,216,608,1786,京极 皋月（泳装）,京极 皋月,泳装,,京极 皋月（泳装）,京極 サツキ（水着）,京極 皐月（泳裝）,Kyougoku Satsuki,쿄고쿠 사츠키,3,格赫娜学园
NP0299,216,608,1781,"京极 皋月（泳装,海盗装）",京极 皋月,泳装,海盗装,京极 皋月（泳装）,京極 サツキ（水着）,京極 皐月（泳裝）,Kyougoku Satsuki,쿄고쿠 사츠키,3,格赫娜学园
NP0022,217,217,1682,茶话会成员A,茶话会成员A,,,,NP0022,,,,2,圣三一综合学园
NP0023,218,218,1683,救急医学部部员A,救急医学部部员A,,,,NP0023,,,,3,格赫娜学园
NP0024,219,219,1684,圣三一学生A,圣三一学生A,,,,NP0024,,,,2,圣三一综合学园
NP0025,220,220,1685,修女会成员A,修女会成员A,,,,NP0025,,,,2,圣三一综合学园
NP0026,221,221,1686,格赫娜学生A,格赫娜学生A,,,,ゲヘナの生徒,,NP0026,,3,格赫娜学园
NP0027,222,222,1687,万魔殿成员A,万魔殿成员A,,,,万魔殿のメンバー,,NP0027,,3,格赫娜学园
NP0028,223,223,1688,茶话会成员B,茶话会成员B,,,,NP0028,,,,2,圣三一综合学园
helmetdan_black1,224,224,1831,钢盔团成员B,钢盔团成员B,,,,helmetdan_black1,,,,17,不良少女们
helmetdan_red1,225,225,1832,钢盔团成员A,钢盔团成员A,,,,helmetdan_red1,,,,17,不良少女们
fuuki_normal1,226,226,1825,风纪委员A,风纪委员A,,,,風紀委員A,,fuuki_normal1,,3,格赫娜学园
CH0088,229,229,1589,下仓 惠,下仓 惠,,,下仓 惠,下倉 メグ,下倉 惠,Shimokura Megu,시모쿠라 메구,3,格赫娜学园
CH0329,229,547,1325,下仓 惠（泳装）,下仓 惠,泳装,,下仓 惠（泳装）,下倉 メグ（水着）,下倉 惠（泳裝）,Shimokura Megu,시모쿠라 메구,3,格赫娜学园
yukata_streetghostes_rl,231,231,1812,魑魅一座部员,魑魅一座部员,,,,魑魅一座の部員,,,,9,百鬼夜行联合学园
yustina_sr1,232,232,1813,尤斯蒂娜圣徒,尤斯蒂娜圣徒,,,尤斯蒂娜圣徒,ユスティナ聖徒,優斯提娜聖徒,Justina Council Saint,유스티나 성도,2,圣三一综合学园
NP0137,232,303,1514,尤斯蒂娜圣徒（泳装）,尤斯蒂娜圣徒,泳装,,尤斯蒂娜圣徒,ユスティナ聖徒,優斯提娜聖徒,Justina Council Saint,유스티나 성도,2,圣三一综合学园
yukata_streetghostes_mg,233,233,1811,魑魅一座队长,魑魅一座队长,,,,魑魅一座のリーダー,,,,9,百鬼夜行联合学园
yoheki_redwinter1,234,234,16,劳务部部员A,劳务部部员A,,,,工務部の部員A,,,,5,红冬联邦学园
yoheki_normal1,235,235,17,兼职佣兵学生A,兼职佣兵学生A,,,,傭兵バイトA,,,,18,地方组织与居民
NP0116,238,238,1806,凯撒特种部队成员A,凯撒特种部队成员A,,,,特殊部队,,,,19,凯撒集团
NP0104,239,239,1795,凯撒 将军,凯撒 将军,,,凯撒 将军,カイザー ジェネラル,凱薩 將軍,Kaiser General,카이저 제네럴,19,凯撒集团
NP0096,240,240,1762,凯撒 总裁,凯撒 总裁,,,凯撒 总裁,カイザー プレジデント,凱薩 總裁,Kaiser President,카이저 프레지던트,19,凯撒集团
NP0087,241,241,1754,料理麻雀,料理麻雀,,,,NP0087_spr,,,,18,地方组织与居民
NP0086,242,242,1753,和服麻雀,和服麻雀,,,,NP0086_spr,,,,18,地方组织与居民
NP0084,244,244,1751,千禧学生A,千禧学生A,,,,ミレニアムの生徒,,NP0084,,4,千禧科学学院
NP0074,245,245,176,圣女 芭尔芭拉,圣女 芭尔芭拉,,,圣女 芭芭拉,聖女 バルバラ,聖女 白芭蕾,Saintess Barbara,성녀 바르바라,2,圣三一综合学园
NP0042,247,247,1712,无名司祭,无名司祭,,,无名祭司,無名の司祭,無名祭司,The Nameless Priests,무명사제,25,所属存疑
NP0036,248,248,1692,千禧学生B,千禧学生B,,,,NP0036_spr,,,,4,千禧科学学院
NP0031,249,249,1690,笛卡尔,笛卡尔,,,笛卡尔,デカルト,笛卡爾,Descartes,데카르트,25,所属存疑
NP0142,249,249,1625,笛卡尔（警卫服）,笛卡尔,,警卫服,笛卡尔,デカルト,笛卡爾,Descartes,데카르트,25,所属存疑
market_animal2,250,250,349,商店老板狗狗,商店老板狗狗,,,,market_animal2_spr,,,,18,地方组织与居民
engineer_animal3,251,251,1823,工程师狗狗,工程师狗狗,,,,engineer_animal3_spr,,,,18,地方组织与居民
bunnygirl_sr,252,252,1582,奥德赛的兔女郎A,奥德赛的兔女郎A,,,,BunnyGirl_SR_spr,,,,15,奥德赛海洋学校
CH0212,253,253,1655,清澄 晶,清澄 晶,,,清澄 晶,清澄 アキラ,清澄 晶,Kiyosumi Akira,키요스미  아키라,14,狂猎艺术学院
CH0323,253,551,1319,清澄 晶（制服）,清澄 晶,制服,,清澄 晶,清澄 アキラ,清澄 晶,Kiyosumi Akira,키요스미  아키라,14,狂猎艺术学院
CH0222,254,254,1253,御稜 名草,御稜 名草,,,御稜 名草,御稜 ナグサ,御稜 名草,Goryou Nagusa,고료 나구사,9,百鬼夜行联合学园
NP0162,254,254,1529,御稜 名草（展现右臂）,御稜 名草,,展现右臂,御稜 名草,御稜 ナグサ,御稜 名草,Goryou Nagusa,고료 나구사,9,百鬼夜行联合学园
NP0249,254,254,1371,御稜 名草（无绷带）,御稜 名草,,无绷带,御稜 名草,御稜 ナグサ,御稜 名草,Goryou Nagusa,고료 나구사,9,百鬼夜行联合学园
CH0303,254,537,1304,御稜 名草（泳装）,御稜 名草,泳装,,御稜 名草（泳装）,御稜 ナグサ（水着）,御稜 名草（泳裝）,Goryou Nagusa,고료 나구사,9,百鬼夜行联合学园
citizen_animal1,255,255,1695,城市狗狗,城市狗狗,,,,citizen_animal1_spr,,,,18,地方组织与居民
citizen_animal5_eyepatch,256,256,1657,眼罩猫猫,眼罩猫猫,,,,Citizen_animal5_eyepatch_spr,,,,18,地方组织与居民
citizen_animal5,257,257,1658,和服猫猫,和服猫猫,,,,Citizen_animal5_spr,,,,18,地方组织与居民
citizen_animal6_bandagespr_hd,258,258,1659,绷带狗狗,绷带狗狗,,,,Citizen_animal6_bandagespr,,,,18,地方组织与居民
citizen_animal6,259,259,1660,贝雷帽狗狗,贝雷帽狗狗,,,,Citizen_animal6_spr,,,,18,地方组织与居民
citizen_animal7,260,260,1661,和服狗狗,和服狗狗,,,,Citizen_animal7_spr,,,,18,地方组织与居民
citizen_borot1,261,261,1696,市民机器人,市民机器人,,,,citizen_borot1_spr,,,,18,地方组织与居民
citizen_borot2,262,262,1697,资本机器人,资本机器人,,,,citizen_borot2_spr,,,,18,地方组织与居民
cook_genbustore_sg,263,263,1662,玄武商会店员,玄武商会店员,,,,玄武商会メンバー,,,,7,山海经高级中学
CH0124,264,264,564,姬木 梅露,姬木 梅露,,,姬木 芽瑠,姫木 メル,姬木 愛瑠,Himeki Meru,히메키 메루,5,红冬联邦学园
CH0125,264,265,1595,姬木 梅露（温泉）,姬木 梅露,温泉,,姬木 芽瑠（温泉）,姫木 メル（温泉）,姬木 愛瑠（溫泉）,Himeki Meru,히메키 메루,5,红冬联邦学园
NP0092,266,266,1759,贝雷帽小山雀,贝雷帽小山雀,,,,NP0092_spr,,,,18,地方组织与居民
NP0093,267,267,1760,蝴蝶结小山雀,蝴蝶结小山雀,,,,NP0093_spr,,,,18,地方组织与居民
NP0094,268,268,1761,黄帽小山雀,黄帽小山雀,,,,NP0094_spr,,,,18,地方组织与居民
CH0213,270,270,1471,申谷 海,申谷 海,,,,申谷 カイ,申谷 誡,Shintani Kai,신타니 카이,7,山海经高级中学
NP0251,270,270,1373,申谷 海（墨镜）,申谷 海,,墨镜,,申谷 カイ,申谷 誡,Shintani Kai,신타니 카이,7,山海经高级中学
reizyo,271,271,1410,鹿山 丽情,鹿山 丽情,,,鹿山 丽情,鹿山 レイジョ,鹿山 令女,Kayama Reijo,카야마 레이죠,7,山海经高级中学
NP0095,272,272,132,普雷那帕特斯,普雷那帕特斯,,,弗雷纳帕提斯,プレナパテス,誘騙者,Phrenapates,프레나파테스,25,所属存疑
robot2_division,273,273,59,机器人,机器人,,,,robot2_division_spr,,,,0,
NP0091,274,274,1758,守卫机器人,守卫机器人,,,,NP0091_spr,,,,25,所属存疑
NP0033,275,275,1507,灰音,灰音,,,,ハイネ,灰音,Haine,하이네,12,联邦学生会
NP0037,276,276,1620,李,李,,,李,スモモ,李,Sumomo,스모모,12,联邦学生会
NP0136,281,281,1513,假日北极熊,假日北极熊,,,,NP0136_spr,,,,18,地方组织与居民
NP0135,282,282,1512,工人花栗鼠,工人花栗鼠,,,,NP0135_spr,,,,18,地方组织与居民
NP0132,284,284,1509,头带狗狗,头带狗狗,,,,NP0132_spr,,,,18,地方组织与居民
NP0133,285,285,1510,打渔小熊猫,打渔小熊猫,,,,NP0133_spr,,,,18,地方组织与居民
CH0157,288,288,1460,栀子 梦,栀子 梦,,,栀子 梦,梔子 ユメ,梔子 夢,Kuchinashi Yume,쿠치나시 유메,1,阿比多斯高中
NP0166,288,288,1532,栀子 梦（学校泳装）,栀子 梦,,学校泳装,栀子 梦,梔子 ユメ,梔子 夢,Kuchinashi Yume,쿠치나시 유메,1,阿比多斯高中
CH0229,308,308,562,三善 贵音,三善 贵音,,,三善 贵音,三善 タカネ,三善 貴音,Miyoshi Takane,미요시 타카네,5,红冬联邦学园
CH0228,309,309,1482,荒槙 八云,荒槙 八云,,,荒槙 八云,荒槇 ヤクモ,荒槇 八雲,Aramaki Yakumo,아라마키 야쿠모,5,红冬联邦学园
NP0143,310,310,1516,黑市组织成员A,黑市组织成员A,,,,,,,,17,不良少女们
NP0138,311,311,1515,列车乘务员B,列车乘务员B,,,,,,,,24,海兰德铁道学园
NP0158,312,312,1525,列车修理工A,列车修理工A,,,,,,,,24,海兰德铁道学园
NP0159,313,313,1526,列车乘务员A,列车乘务员A,,,,,,,,24,海兰德铁道学园
CH9998,315,315,1506,御坂 美琴,御坂 美琴,,,御坂 美琴,御坂 美琴,御坂 美琴,Misaka Mikoto,미사카 미코토,26,联动作品
NP0168,315,315,1534,御坂 美琴（无武器）,御坂 美琴,,无武器,御坂 美琴,御坂 美琴,御坂 美琴,Misaka Mikoto,미사카 미코토,26,联动作品
CH9997,316,316,1505,食蜂 操祈,食蜂 操祈,,,食蜂 操祈,食蜂 操祈,食蜂 操祈,Shokuhou Misaki,쇼쿠호 미사키,26,联动作品
NP0169,316,316,1535,食蜂 操祈（无武器）,食蜂 操祈,,无武器,食蜂 操祈,食蜂 操祈,食蜂 操祈,Shokuhou Misaki,쇼쿠호 미사키,26,联动作品
CH9996,317,317,1504,佐天 泪子,佐天 泪子,,,佐天 泪子,佐天 涙子,佐天 淚子,Saten Ruiko,사텐 루이코,26,联动作品
NP0170,317,317,1536,佐天 泪子（无武器）,佐天 泪子,,无武器,佐天 泪子,佐天 涙子,佐天 淚子,Saten Ruiko,사텐 루이코,26,联动作品
CH0161,318,318,1461,勘解由小路 紫,勘解由小路 紫,,,勘解由小路 紫,勘解由小路 ユカリ,勘解由小路 紫,Kadenokouji Yukari,카데노코지 유카리,9,百鬼夜行联合学园
NP0147,318,318,1517,勘解由小路 紫（中学时期）,勘解由小路 紫,,中学时期,勘解由小路 紫,勘解由小路 ユカリ,勘解由小路 紫,Kadenokouji Yukari,카데노코지 유카리,9,百鬼夜行联合学园
NP0148,318,318,1518,勘解由小路 紫（巫女服）,勘解由小路 紫,,巫女服,勘解由小路 紫,勘解由小路 ユカリ,勘解由小路 紫,Kadenokouji Yukari,카데노코지 유카리,9,百鬼夜行联合学园
CH0301,318,533,1302,勘解由小路 紫（泳装）,勘解由小路 紫,泳装,,勘解由小路 紫（泳装）,勘解由小路 ユカリ（水着）,勘解由小路 紫（泳裝）,Kadenokouji Yukari,카데노코지 유카리,9,百鬼夜行联合学园
CH0224,319,319,1478,不破 莲华,不破 莲华,,,,不破 レンゲ,不破 蓮華,Fuwa Renge,후와 렌게,9,百鬼夜行联合学园
CH0302,319,535,1303,不破 莲华（泳装）,不破 莲华,泳装,,,不破 レンゲ（水着）,不破 蓮華（泳裝）,Fuwa Renge,후와 렌게,9,百鬼夜行联合学园
CH0225,320,320,1479,桐生 桔梗,桐生 桔梗,,,桐生 桔梗,桐生 キキョウ,桐生 桔梗,Kiryuu Kikyou,키류 키쿄,9,百鬼夜行联合学园
CH0300,320,534,1301,桐生 桔梗（泳装）,桐生 桔梗,泳装,,桐生 桔梗（泳装）,桐生 キキョウ（水着）,桐生 桔梗（泳裝）,Kiryuu Kikyou,키류 키쿄,9,百鬼夜行联合学园
CH0227,321,321,1481,箭吹 棕榈,箭吹 棕榈,,,箭吹 棕榈,箭吹 シュロ,箭吹 棕櫚,Yabuki Shuro,야부키  슈로,9,百鬼夜行联合学园
CH0236,322,322,1487,新,新,,,,アラタ,新,Arata,아라타,9,百鬼夜行联合学园
NP0254,322,322,1376,新（泳装）,新,,泳装,,アラタ,新,Arata,아라타,9,百鬼夜行联合学园
NP0266,322,322,1381,新（钢盔）,新,,钢盔,,アラタ,新,Arata,아라타,9,百鬼夜行联合学园
NP0149,323,323,1519,百鬼夜行学生A,百鬼夜行学生A,,,,,,,,9,百鬼夜行联合学园
NP0255,323,323,1377,百鬼夜行学生A（泳装）,百鬼夜行学生A,,泳装,,,,,,9,百鬼夜行联合学园
NP0255,323,536,1015,百鬼夜行学生A（泳装）,百鬼夜行学生A,泳装,,,,,,,9,百鬼夜行联合学园
NP0150,324,324,1520,百鬼夜行学生C,百鬼夜行学生C,,,,,,,,9,百鬼夜行联合学园
NP0156,325,325,1523,百鬼夜行学生B,百鬼夜行学生B,,,,,,,,9,百鬼夜行联合学园
NP0152,326,326,1522,山海经学生A,山海经学生A,,,,,,,,7,山海经高级中学
NP0157,327,327,1524,山海经学生B,山海经学生B,,,,,,,,7,山海经高级中学
CH0226,331,331,1480,勘解由小路 虞美人,勘解由小路 虞美人,,,勘解由小路 雏芥子,勘解由小路 コクリコ,勘解由小路 雛罌粟,Kadenokouji Kokuriko,카데노코지 코쿠리코,9,百鬼夜行联合学园
NP0129,335,335,1336,艾茵,艾茵,,,艾茵,アイン,Ain,Ein,아인,21,神名十文字
NP0270,335,335,1555,艾茵,艾茵,,,艾茵,アイン,Ain,Ein,아인,21,神名十文字
NP0131,336,336,1337,奥茹,奥茹,,,奥尔,オウル,Aur,Ohr,오르,21,神名十文字
NP0272,336,336,1557,奥茹,奥茹,,,奥尔,オウル,Aur,Ohr,오르,21,神名十文字
NP0130,337,337,1338,索芙,索芙,,,索芙,ソフ,Soph,Sof,소프,21,神名十文字
NP0271,337,337,1556,索芙,索芙,,,索芙,ソフ,Soph,Sof,소프,21,神名十文字
CH0245,342,342,1260,野正 莱依,野正 莱依,,,野正 莱依,野正 レイ,野正 莉,Nomasa Rei,노마사 레이,4,千禧科学学院
CH0238,347,347,1257,元宫 千明,元宫 千明,,,元宫 千明,元宮 チアキ,元宮 千秋,Motomiya Chiaki,모토미야 치아키,3,格赫娜学园
CH0348,347,611,1789,元宫 千明（泳装）,元宫 千明,泳装,,元宫 千明（泳装）,元宮 チアキ（水着）,元宮 千秋（泳裝）,Motomiya Chiaki,모토미야 치아키,3,格赫娜学园
NP0302,347,611,1784,"元宫 千明（泳装,海盗装）",元宫 千明,泳装,海盗装,元宫 千明（泳装）,元宮 チアキ（水着）,元宮 千秋（泳裝）,Motomiya Chiaki,모토미야 치아키,3,格赫娜学园
NP0165,349,349,1531,地下生活者,地下生活者,,,地下室人,地下生活者,地下生活者,Underground Dweller,지하생활자,20,数秘术
NP0181,358,358,1546,黑帮组员A,黑帮组员A,,,,,,,,18,地方组织与居民
NP0180,359,359,1545,黑帮机器人A,黑帮机器人A,,,,,,,,18,地方组织与居民
NP0182,363,363,692,浅草 夏树,浅草 夏树,,,,浅草 ナツキ,,Asakusa Natsuki,아사쿠사 나츠키,9,百鬼夜行联合学园
CH0242,365,365,1258,橘 光,橘 光,,,橘 光,橘 ヒカリ,橘 光,Tachibana Hikari,타치바나 히카리,24,海兰德铁道学园
CH0243,366,366,1259,橘 望,橘 望,,,橘 望,橘 ノゾミ,橘 希望,Tachibana Nozomi,타치바나 노조미,24,海兰德铁道学园
CH0244,367,367,1491,朝雾 周防,朝雾 周防,,,朝雾 周防,朝霧 スオウ,朝霧 蘇芳,Asagiri Suou,아사기리 스오우,24,海兰德铁道学园
NP0177,367,367,1543,朝雾 周防（临战）,朝雾 周防,,临战,朝雾 周防,朝霧 スオウ,朝霧 蘇芳,Asagiri Suou,아사기리 스오우,24,海兰德铁道学园
NP0178,367,367,1544,朝雾 周防（战损）,朝雾 周防,,战损,朝雾 周防,朝霧 スオウ,朝霧 蘇芳,Asagiri Suou,아사기리 스오우,24,海兰德铁道学园
CH0252,372,372,1261,椎名 纺,椎名 纺,,,椎名 纺,椎名 ツムギ,椎名 紬,Shiina Tsumugi,시이나 츠무기,14,狂猎艺术学院
CH0264,378,378,1266,志真 心华,志真 心华,,,,志真 コノカ,志真 木乃香,Shima konoka,시마 코노카,8,瓦尔基里警察学校
NP0186,380,380,1547,小鸟游 星野*恐怖（反转）,小鸟游 星野*恐怖,,反转,,,,,,1,阿比多斯高中
CH0265,385,385,1267,栗滨 明美,栗滨 明美,,,栗浜 明美,栗浜 アケミ,栗濱 明美,Kurihama Akemi,쿠리하마 아케미,17,不良少女们
CH0277,386,386,1279,微笑教授,微笑教授,,,笑笑教授,ニヤニヤ教授,笑眯眯教授,Professor Smug,히죽히죽 교수,17,不良少女们
NP0203,387,387,1342,DJ狗狗,DJ狗狗,,,,,,,,18,地方组织与居民
CH0272,390,390,1274,漆原 辉夜,漆原 辉夜,,,,漆原 カグヤ,漆原 輝夜,Urushibara Kaguya,우루시바라 카구야,7,山海经高级中学
NP0242,390,390,1364,漆原 辉夜（脸谱）,漆原 辉夜,,脸谱,,漆原 カグヤ,漆原 輝夜,Urushibara Kaguya,우루시바라 카구야,7,山海经高级中学
NP0243,390,390,1365,漆原 辉夜（持扇）,漆原 辉夜,,持扇,,漆原 カグヤ,漆原 輝夜,Urushibara Kaguya,우루시바라 카구야,7,山海经高级中学
NP0207,392,392,1344,京剧部员A,京剧部员A,,,,,,,,7,山海经高级中学
NP0208,393,393,1345,京剧部员B,京剧部员B,,,,,,,,7,山海经高级中学
NP0160,395,395,627,幻魉付丧神（幻魉百物语）,幻魉付丧神,,幻魉百物语,幻魉·付丧神,幻魎付喪神,幻魎付喪神,Artifact Spirits,환량 · 츠쿠모가미,28,幻魉百物语
NP0163,396,396,629,无貌替身,无貌替身,,,无貌形代,無貌の形代,無貌的形代,Faceless Katashiro,얼굴 없는 카타시로,28,幻魉百物语
NP0030,502,502,904,马路库特（帽子）,马路库特,,帽子,玛尔扈特,マルクト,馬爾庫特,Malkuth,말쿠트,21,神名十文字
NP0119,502,502,905,马路库特,马路库特,,,玛尔扈特,マルクト,馬爾庫特,Malkuth,말쿠트,21,神名十文字
NP0273,502,502,1446,马路库特（战损）,马路库特,,战损,玛尔扈特,マルクト,馬爾庫特,Malkuth,말쿠트,21,神名十文字
CH0283,515,515,1285,吾妻 未来,吾妻 未来,,,未来,吾妻 ミライ,未來,Azuma Mirai,아즈마 미라이,4,千禧科学学院
CH0335,518,518,1228,天童 凯伊,天童 凯伊,,,天童 柯伊,天童 ケイ,天童 Kei,Tendou Kei,텐도 케이,4,千禧科学学院
CH0335_noweapon,518,518,1227,天童 凯伊（无武器）,天童 凯伊,,无武器,天童 柯伊,天童 ケイ,天童 Kei,Tendou Kei,텐도 케이,4,千禧科学学院
NP0241,518,518,1229,天童 凯伊（AMAS身体）,天童 凯伊,,AMAS身体,天童 柯伊,天童 ケイ,天童 Kei,Tendou Kei,텐도 케이,4,千禧科学学院
NP0269,518,518,1230,天童 凯伊（神名十文字身体）,天童 凯伊,,神名十文字身体,天童 柯伊,天童 ケイ,天童 Kei,Tendou Kei,텐도 케이,4,千禧科学学院
NP0247,524,524,1369,棒球狗狗,棒球狗狗,,,,,,,,18,地方组织与居民
CH0288,525,525,1290,内海 青叶,内海 青叶,,,内海 青叶,内海 アオバ,內海 青葉,Utsumi Aoba,우츠미 아오바,24,海兰德铁道学园
NP0245,526,526,1367,暴走族A,暴走族A,,,,,,,,17,不良少女们
NP0246,527,527,1368,暴走族老大,暴走族老大,,,,,,,,17,不良少女们
CH0223,529,529,1254,七稜 菖蒲,七稜 菖蒲,,,,七稜 アヤメ,七稜 菖蒲,Nanakado Ayame,나나카도 아야메,9,百鬼夜行联合学园
NP0206,529,529,1343,七稜 菖蒲（黑化）,七稜 菖蒲,,黑化,,七稜 アヤメ,七稜 菖蒲,Nanakado Ayame,나나카도 아야메,9,百鬼夜行联合学园
NP0229,529,529,1356,七稜 菖蒲（黄昏）,七稜 菖蒲,,黄昏,,七稜 アヤメ,七稜 菖蒲,Nanakado Ayame,나나카도 아야메,9,百鬼夜行联合学园
CH0276,530,530,1278,土生 蓟,土生 蓟,,,,土生 アザミ,,Habu Azami,하부 아자미,9,百鬼夜行联合学园
CH0289,530,531,1291,土生 蓟（和服）,土生 蓟,和服,,,土生 アザミ,,Habu Azami,하부 아자미,9,百鬼夜行联合学园
NP0250,532,532,1372,最强独角狮（涂鸦）,最强独角狮,,涂鸦,,最強一角らいおん,,SAIKYO IKKAKU RAION,최강 일각 라이온,28,幻魉百物语
CH0306,548,548,1306,板垣 庚,板垣 庚,,,板垣,板垣 カノエ,板垣 鹿江,Itagaki Kanoe,이타가키 카노에,14,狂猎艺术学院
CH0304,549,549,1083,白尾 艾利,白尾 艾利,,,,白尾 エリ,白尾 繪梨,Shirao Eri,시라오 에리,14,狂猎艺术学院
CH0305,550,550,1305,衣斐 莱娜,衣斐 莱娜,,,,衣斐 レナ,衣斐 玲奈,Kinui Rena,키누이 레나,14,狂猎艺术学院
NP0252,552,552,1374,舍监队成员A,舍监队成员A,,,,寮監隊員A,,,,14,狂猎艺术学院
NP0253,553,553,1375,狂猎学生A,狂猎学生A,,,,ワイルドハントの生徒A,,,,14,狂猎艺术学院
CH0317,554,554,1317,樱井 美代,樱井 美代,,,,桜井 ミヨ,樱井 美代,Sakurai Miyo,사쿠라이 미요,14,狂猎艺术学院
NP0257,556,556,1379,阿里乌斯学生B,阿里乌斯学生B,,,,アリウスの生徒B,,,,10,阿里乌斯分校
NP0263,557,557,1168,启示录的天使,启示录的天使,,,,黙示録の天使,啟示錄的天使,Angels of Revelation,계시록의 천사,25,所属存疑
NP0264,557,557,1188,启示录的天使（吹响号角的天使）,启示录的天使,,吹响号角的天使,,黙示録の天使,啟示錄的天使,Angels of Revelation,계시록의 천사,25,所属存疑
CH0324,558,558,1320,立木 迈亚,立木 迈亚,,,,立木 マイア,立木 舞彩,Tachigi Maia,타치기 마이아,10,阿里乌斯分校
CH0309,559,559,1309,梯 昴,梯 昴,,,,梯 スバル,梯 昴,Kakehashi Subaru,카케하시 스바루,10,阿里乌斯分校
CH0318,560,560,1316,若狭 冬,若狭 冬,,,,若狭 フユ,若狹 冬,Wakasa Fuyu,와카사 후유,14,狂猎艺术学院
CH0319,561,561,1318,薄叶 律,薄叶 律,,,,薄葉 リツ,薄葉 律,Usuba Ritsu,우스바 리츠,14,狂猎艺术学院
CH0316,562,562,1315,裕美,裕美,,,,ヒロミ,裕美,Hiromi,히로미,14,狂猎艺术学院
NP0282,578,578,1388,劳工机器人A,劳工机器人A,,,,レイバー,,,,21,神名十文字
NP0274,583,583,1447,神名十文字,神名十文字,,,神名十文字,デカグラマトン,十字神名,Decagrammaton,데카그라마톤,21,神名十文字
CH0351,587,587,1502,羽咋 翼,羽咋 翼,,,,羽咋 ツバサ,,Hanemoto Tsubasa,하네모토 츠바사,4,千禧科学学院
CH0352,588,588,1503,监原 美铃,监原 美铃,,,,監原 ミスズ,,Kanbara Misuzu,간바라 미스즈,8,瓦尔基里警察学校
NP0290,592,592,1572,联邦学生会长？,联邦学生会长？,,,,連邦生徒会長,,,총학생회장,12,联邦学生会
NP0265,593,593,1570,奥威尔,奥威尔,,,,オーウェル,,Orwell,오웰,20,数秘术
NP0294,594,594,1576,田径部员A,田径部员A,,,,陸上部員A,,,육상부원 A,3,格赫娜学园
NP0295,595,595,1577,扭来扭去,扭来扭去,,,,くねくね,,,,0,
CH0365,600,600,1704,鹰野主 翠子,鹰野主 翠子,,,,鷹野主 スイコ,,,타카노스 스이코,7,山海经高级中学
CH0366,601,601,1705,五百雀 和美,五百雀 和美,,,,五百雀 ナゴミ,,,이오쟈쿠 나고미,7,山海经高级中学
CH0367,602,602,1706,乌头尾 阳子,乌头尾 阳子,,,,烏頭尾 ヨウコ,,,우토 요코,7,山海经高级中学
CH0354,605,605,1699,宫内 叶,宫内 叶,,,,宮内 カナエ,,Miyauchi Kanae,미야우치 카나에,7,山海经高级中学
NP0288,606,606,1708,雪玲（泳装）,雪玲,泳装,,,シュエリン（水着）,小旬（泳装）,Shunling,슈에링,7,山海经高级中学
CH0383,613,613,1793,小森 墨华,小森 墨华,,,,小森 スミカ,,Komori Sumika,코모리 스미카,15,奥德赛海洋学校
NP0296,614,614,1778,三叉戟部员A,三叉戟部员A,,,,トライデントの部員,,,트라이던트 부원,15,奥德赛海洋学校
NP0297,615,615,1779,海盗A,海盗A,,,,海賊,,,해적,15,奥德赛海洋学校
CH0362,616,616,1790,降旗 真由美,降旗 真由美,,,,降旗 マユミ,,Furihata Mayumi,후리하타 마유미,3,格赫娜学园
CH0363,617,617,1791,明乐 可怜,明乐 可怜,,,,明楽 カレン,,Myouraku Karen,묘라쿠 카렌,3,格赫娜学园
CH0364,618,618,1792,五十岚 憧子,五十岚 憧子,,,,五十嵐 ショウコ,,Igarashi Shouko,이가라시 쇼코,3,格赫娜学园
CH0371,619,619,1847,小百合,小百合,,,,サユリ,,,,15,奥德赛海洋学校
CH0368,620,620,1844,渡海 心,渡海 心,,,,渡海 ココロ,,Toumi Kokoro,토미 코코로,15,奥德赛海洋学校
CH0369,621,621,1845,渊上 琴音,渊上 琴音,,,,淵上 コトネ,,Fuchigami Kotone,후치가미  코토네,15,奥德赛海洋学校
CH0370,622,622,1846,玛琪娜,玛琪娜,,,,マキナ,,,,15,奥德赛海洋学校
CH0374,627,627,1849,护守 七海,护守 七海,,,,護守 ナナミ,,Gonokami Nanami,고노카미 나나미,15,奥德赛海洋学校
CH0342,628,628,1841,海路 凑,海路 凑,,,,海路 ミナト,,Umiji Minato,우미지 미나토,15,奥德赛海洋学校
CH0343,629,629,1842,灯下 爱海,灯下 爱海,,,,灯下 アミ,,Tomoshita Ami,토모시타 아미,15,奥德赛海洋学校
CH0350,630,630,1843,船守 早苗,船守 早苗,,,,船守 サナエ,,Funamori Sanae,후나모리 사나에,15,奥德赛海洋学校
CH0372,631,631,1848,千石 美月,千石 美月,,,,千石 ミツキ,,Sengoku Mitsuki,센고쿠 미츠키,15,奥德赛海洋学校
NP0259,632,632,1850,奥德赛学生A,奥德赛学生A,,,,オデュッセイアの生徒,,,오디세이아 학생 A,15,奥德赛海洋学校
NP0260,633,633,1851,奥德赛学生B,奥德赛学生B,,,,オデュッセイアの生徒B,,,오디세이아 학생 B,15,奥德赛海洋学校
NP0309,634,634,1852,奥德赛学生C,奥德赛学生C,,,,オデュッセイアの生徒C,,,오디세이아 학생 C,15,奥德赛海洋学校
