lobby,idleCov,n_slots
Airi0_home,,
Airi_home,,
Akane_home,,
Akari_home,,
Ako_home,,
Aris_home,,
Aru_home,,
Aru_newyear_home,,
Asuna_home,,
Atsuko_home,,
Ayane_home,,
Azusa_home,,
Azusa_swimsuit_home,,
CH0058_home,,
CH0060_home,,
CH0063_home,,
CH0064_home,,
CH0066_home,,
CH0069_home,,
CH0070_home,,
CH0070_home_GL,,
CH0071_home,,
CH0079_home,,
CH0080_home,,
CH0081_home,,
CH0082_home,,
CH0086_home,,
CH0087_home,,
CH0088_home,,
CH0089_home,,
CH0092_home,,
CH0095_home,,
CH0098_home,,
CH0099_home,,
CH0100_home,,
CH0101_home,,
CH0107_home,,
CH0109_home,,
CH0110_home,,
CH0113_home,,
CH0114_home,,
CH0123_home,,
CH0124_home,,
CH0135_home,,
CH0137_home,,
CH0138_home,,
CH0139_home,,
CH0141_home,,
CH0144_home,,
CH0145_home,,
CH0152_home,,
CH0155_home,,
CH0156_home,,
CH0158_home,,
CH0159_home,,
CH0160_home,,
CH0161_home,,
CH0163_home,,
CH0164_home,,
CH0165_home,,
CH0166_home,,
CH0167_home,,
CH0169_home,,
CH0170_home,,
CH0172_home,,
CH0173_home,,
CH0174_home,,
CH0175_home,,
CH0176_home,,
CH0177_home,,
CH0178_home,,
CH0179_home,,
CH0180_home,,
CH0181_home,,
CH0182_home,,
CH0183_home,,
CH0184_home,,
CH0185_home,,
CH0186_home,,
CH0187_home,,
CH0188_home,,
CH0189_home,,
CH0190_home,,
CH0191_home,,
CH0192_home,,
CH0193_home,,
CH0194_home,,
CH0195_home,,
CH0196_home,,
CH0197_home,,
CH0198_home,,
