lobby,tier,max_slot_coverage,additive_slots,energy,material_family,top_light_slot
_MXCommon,?,,,,?,
Serika_home,T1,3.0,19,,PMA,FX_toplight
CH0145_home,T1,2.89,7,,straight,Screen_sun2
CH0172_home,T1,2.66,2,,PMA,light
CH9996_home,T1,2.64,15,,?,sunlight_filter
CH0189_home,T1,2.63,38,,straight,FX_04
CH0281_home,T1,2.62,4,,?,light_1
Kazusa_home,T1,2.55,1,,?,toplight
CH0215_home,T1,2.51,21,,straight,top_light_02
CH9998_home,T1,2.42,5,,straight,light_top_00
CH0355_home,T1,2.39,15,,PMA,FX_screen
CH0092_home,T1,2.32,28,,straight,top light2
CH0123_home,T1,2.27,7,,straight,Bokeh 1_0
CH0266_home,T1,2.21,24,,PMA,Table_back_light
CH0275_home,T1,2.19,27,,PMA,FX_Toplight
CH0293_home,T1,2.19,1,,PMA,FX_TopLight
CH0238_home,T1,2.17,2,,straight,light_01_1
CH0282_home,T1,2.17,2,,PMA,FX_02
CH0187_home,T1,2.12,1,,straight,FX_01
CH0183_home,T1,2.07,7,,straight,FX_top light
CH0197_home,T1,2.05,4,,straight,TopLight
CH0295_home,T1,2.05,10,,?,TopLight
CH0295_home_GL,T1,2.05,10,,?,TopLight
CH9997_home,T1,2.05,7,,straight,02-sunlight_filter1
CH9999_home,T1,2.05,635,,straight,FX_ToneScreen
Juri_home,T1,2.05,6,,straight,Screen
CH0058_home,T1,2.04,12,,straight,FX_Screen
CH0231_home,T1,2.04,3,,straight,fx
CH0070_home,T1,2.03,1,,PMA,top_light
CH0070_home_GL,T1,2.03,1,,straight,top_light
CH0161_home,T1,2.03,4,,straight,In_light
CH0250_home,T1,2.03,1,,straight,toplight
CH0263_home,T1,2.03,4,,straight,fx_full
CH0286_home,T1,2.03,1,,PMA,toplight
CH0301_home,T1,2.03,7,,PMA,FX_Screen
CH0163_home,T1,2.02,1,,straight,light_01
CH0188_home,T1,2.02,1,,straight,FX_01
CH0274_home,T1,2.02,5,,PMA,screen_light_01
Momoi_home,T1,2.02,4,,?,FX_Screen
CH0063_home,T1,2.01,26,,straight,F_Screen
CH0164_home,T1,2.01,9,,PMA,toplight
Izumi_swimsuit_home,T1,2.01,4,,straight,light_01
Izumi_swimsuit_home_Teen,T1,2.01,4,,straight,light_01
Saya_casual_home,T1,2.01,5,,straight,toplight
CH0239_home,T1,2.0,22,,straight,02-BG_FX_03
CH0260_home,T1,2.0,40,,straight,02-Top_Light_03f
Aru_newyear_home,T1,1.99,2,,straight,2_T_Screen_01
CH0175_home,T1,1.99,24,,straight,FX_toplight
Haruka_home,T1,1.99,6,,straight,FX_Screen
CH0201_home,T1,1.98,4,,straight,T_Light
CH0245_home,T1,1.95,9,,PMA,FX_top_light
CH0262_home,T1,1.91,8,,straight,lens_flare_01
CH0141_home,T1,1.89,3,,mixed,FX_Sunflare_01
CH0332_home,T1,1.88,37,,PMA,ground
CH0100_home,T1,1.86,2,,mixed,Background_light_03
Hiyori_home,T1,1.85,6,,straight,top light 1
Hina_home,T1,1.83,31,,straight,Top light_03
CH0203_home,T1,1.8,7,,straight,Screen_all
Yoshimi_home,T1,1.76,1,,straight,light2
Reizyo_home,T1,1.74,7,,?,TopLight_01
Hanako_home,T1,1.73,3,,straight,Lens_flare_01
Hare_home,T1,1.73,20,,straight,Lens_flare_01
Hoshino_swimsuit_home,T1,1.73,28,,straight,FX_toplight
CH0165_home,T1,1.67,75,,straight,top light_1
CH0060_home,T1,1.6,3,,?,toplight
CH0270_home,T1,1.6,14,,PMA,Top_Light
Wakamo_home,T1,1.6,6,,?,Top_Light
Fuuka_home,T1,1.59,26,,?,TOP_light
CH0160_home,T1,1.58,7,,straight,toplight
CH0233_home,T1,1.58,56,,straight,01-bg_2
CH0071_home,T1,1.56,1,,straight,02-BG_fx
Shigure_home,T1,1.56,356,,straight,filter01
CH0156_home,T1,1.55,3,,straight,Screen_P_02
CH0181_home,T1,1.55,28,,straight,FX_Toplight_02
CH0271_home,T1,1.55,15,,PMA,FX_BG light
Mari_home,T1,1.55,5,,?,spot_light
Tomoe_home,T1,1.55,7,,straight,toplight
Ako_home,T1,1.54,5,,straight,R_T_Screen
ako_home_Teen,T1,1.54,5,,straight,R_T_Screen
CH0138_home,T1,1.52,3,,straight,Hardlight FX
CH0235_home,T1,1.52,3,,PMA,Bloom
Akari_home,T1,1.51,2,,?,toplight_00
Ibuki_home,T1,1.51,5,,straight,Side Light
CH0176_home,T1,1.5,15,,straight,top light
Shiroko_ridingsuit_home,T1,1.49,21,,straight,Lansflare_01
CH0228_home,T1,1.48,2,,PMA,effect_03
Shizuko_home,T1,1.48,9,,straight,FX_toplight
Asuna_home,T1,1.47,5,,straight,light
CH0170_home,T1,1.47,2,,straight,toplight
Suzumi_home,T1,1.46,36,,straight,top light
CH0258_home,T1,1.45,5,,PMA,top light
Aris_home,T1,1.44,9,,straight,Top_Light
CH0195_home,T1,1.44,57,,straight,top_light
CH0219_home,T1,1.44,9,,straight,top light
Tsubaki_home,T1,1.44,2,,straight,Light2
CH0107_home,T1,1.43,4,,straight,top_light3
CH0167_home,T1,1.43,25,,straight,FX_Light_01
CH0217_home,T1,1.43,3,,straight,FX_Screen
CH0294_home,T1,1.42,6,,PMA,FX_shadow_02
CH0334_home,T1,1.42,46,,PMA,FX
CH0280_home,T1,1.41,4,,PMA,fx_04
CH0230_home,T1,1.4,38,,straight,intro_02_L
CH0202_home,T1,1.39,8,,PMA,FX_Top_Light
Azusa_swimsuit_home,T1,1.38,13,,straight,T_Screen_02
Mimori_home,T1,1.35,3,,straight,FX_sun
Cherino_home,T1,1.33,2,,?,Hardlight
Neru_home,T1,1.33,30,,straight,B_light_01
CH0173_home,T1,1.32,2,,PMA,FX_01
CH0184_home,T1,1.31,38,,?,FX_Screen
Atsuko_home,T1,1.29,13,,straight,top light_00
CH0247_home,T1,1.29,5,,PMA,FX_BloomLight
CH0268_home,T1,1.27,14,,PMA,FX_sunlight
Airi0_home,T1,1.26,3,,?,FX_Light_01
Airi_home,T1,1.26,3,,straight,FX_Light_01
CH0291_home,T1,1.26,2,,?,fx_Light_Top
CH0155_home,T1,1.25,1,,straight,toplight
Kotama_home,T1,1.25,23,,straight,toplight
CH0088_home,T1,1.24,11,,straight,toplight
Utaha_home,T1,1.23,9,,straight,T_Hardlight
CH0169_home,T1,1.21,5,,straight,toplight
CH0306_home,T1,1.21,73,,PMA,T_llight
Miyako_home,T1,1.2,51,,straight,Hardlight
Yuzu_home,T1,1.19,1,,?,screen
CH0214_home,T1,1.18,3,,straight,02-toplight_01
CH0110_home,T1,1.15,4,,straight,top light_2
CH0240_home,T1,1.15,4,,straight,BG_Light
Aru_home,T1,1.14,4,,?,TOP_Light_04
CH0261_home,T1,1.14,6,,PMA,FX_Main_SunFlare_01
Momiji_home,T1,1.14,1,,?,BG_FX_01
CH0204_home,T1,1.13,6,,straight,top lihgt_01
CH0079_home,T1,1.12,4,,straight,02-Spot_02_F
CH0307_home,T1,1.12,4,,PMA,BG_light_01
Tsurugi_home,T1,1.11,12,,straight,Top_light_02
CH0333_home,T1,1.1,9,,PMA,FX_07
Misaki_home,T1,1.1,4,,straight,toplight
CH0069_home,T1,1.09,10,,straight,FX_Screen_01
CH0259_home,T1,1.09,20,,PMA,light
CH0297_home,T1,1.09,10,,PMA,FX_top_light_03
CH0257_home,T1,1.07,6,,straight,FX_leg_cutscene_top_light_3
CH0191_home,T1,1.05,2,,straight,top_light
Kotori_home,T1,1.04,3,,straight,toplight
Eimi_home,T1,1.03,2,,straight,toplight
Koharu_home,T1,1.03,2,,straight,FX_Screen_01
CH0337_home,T1,1.01,15,,PMA,BG_FX_2
CH0229_home,T1,1.0,29,,PMA,FX1
CH0113_home,T1,0.98,10,,straight,02-cut1_top_light_01
Sakurako_home,T1,0.98,8,,straight,FX_candle light_01
CH0179_home,T1,0.97,1,,straight,FX_Screen_01
CH0089_home,T1,0.96,5,,straight,lens_flare
CH0082_home,T1,0.94,3,,PMA,BG_fx_shine
CH0269_home,T1,0.93,15,,PMA,rainbow
CH0232_home,T1,0.92,33,,mixed,FX_light_01
CH0284_home,T1,0.89,2,,PMA,light
CH0292_home,T1,0.89,18,,PMA,Light_010
CH0267_home,T1,0.88,11,,straight,02-FX_top_light
Moe_home,T1,0.87,21,,straight,Streetlamp_Bokeh
CH0222_home,T1,0.86,11,,PMA,nagusa_bloom
Izumi_home,T1,0.86,3,,straight,light_01
CH0318_home,T1,0.85,3,,PMA,Fx_6
CH0087_home,T1,0.84,7,,straight,toplight_1
Serina_home,T1,0.84,7,,?,top_litght
CH0302_home,T1,0.83,6,,PMA,light_01
Hasumi_home,T1,0.83,4,,straight,Top_Light
CH0287_home,T1,0.81,17,,PMA,BG_Light_02
Serika_newyear_home,T1,0.81,3,,?,FX_Light
CH0209_home,T2,0.79,20,,straight,BG_Hardlight_01
CH0220_home,T2,0.78,8,,straight,FX_Main_light
Kaede_home,T2,0.78,1,,straight,toplight
CH0144_home,T2,0.77,5,,straight,FX_Sunflare_03
CH0159_home,T2,0.77,10,,straight,02-toplight
CH0152_home,T2,0.75,21,,straight,milky way_07
Iori_home,T2,0.74,7,,straight,light_3
CH0098_home,T2,0.73,7,,straight,light_01_3
CH0137_home,T2,0.73,5,,straight,top light_01
CH0317_home,T2,0.73,8,,PMA,Light_03
Hinata_home,T2,0.73,20,,straight,toplight_1
Saori_home,T2,0.73,7,,straight,toplight2
CH0348_home,T2,0.71,14,,PMA,FX_SunFlare
Hoshino_home,T2,0.71,5,,?,Layer 70
Nodoka_home,T2,0.71,14,,straight,milkyway
CH0305_home,T2,0.67,5,,PMA,FX_light
CH0158_home,T2,0.65,9,,PMA,Screen_Light_01
CH0273_home,T2,0.65,7,,PMA,bg_fx_2
CH0243_home,T2,0.63,1,,?,LenseFlare_01
CH0182_home,T2,0.62,4,,straight,fx_SunLight_01
Pina_home,T2,0.62,5,,straight,toplight_02
CH0285_home,T2,0.6,8,,PMA,FX_Screen_01
CH0210_home,T2,0.58,2,,straight,FX_SunFlare_01
Mashiro_swimsuit_home,T2,0.58,4,,straight,Lens_flare_02
CH0124_home,T2,0.57,3,,straight,FX_Screen
Kayoko_home,T2,0.57,6,,straight,Particle_Light
CH0200_home,T2,0.56,11,,straight,Light_00F2
Chise_home,T2,0.56,41,,straight,Moonlight_Hardlight
CH0192_home,T2,0.55,16,,straight,FX_toplight
Azusa_home,T2,0.54,3,,straight,T_Hardlight
Yuuka_home,T2,0.54,4,,straight,FX_bg
CH0345_home,T2,0.53,49,,PMA,FX_B_reflection2
CH0180_home,T2,0.52,7,,straight,lens flare_03_SS
CH0335_home,T2,0.52,9,,PMA,BG_FX_SunFlare
Hanae_home,T2,0.52,2,,straight,Top_FX
Mutsuki_home,T2,0.51,24,,straight,Top_Light
CH0205_home,T2,0.47,32,,straight,BG_Light_Flare_00
CH0211_home,T2,0.43,4,,straight,FX_2
Hibiki_home,T2,0.43,11,,straight,toplight6
CH0178_home,T2,0.42,8,,straight,rainbow
CH0303_home,T2,0.42,3,,PMA,FX_lensflare_02
CH0193_home,T2,0.4,18,,straight,B_Screen_01
Erika_home,T2,0.4,4,,?,FX_01
Saya_home,T2,0.4,1,,straight,bg_effect
CH0101_home,T2,0.39,4,,straight,light_02
CH0174_home,T2,0.39,67,,PMA,FX_03
CH0310_home,T2,0.39,4,,?,fx
CH0064_home,T2,0.36,5,,straight,lense flares_02
CH0166_home,T2,0.35,4,,PMA,boke_01
Haruna_home,T2,0.35,2,,straight,T_Light
CH0309_home,T2,0.33,3,,PMA,FX_top_light_01
Shun_home,T2,0.33,8,,straight,Toplight
Kirara_home,T2,0.32,4,,straight,FX_Screen
Shimiko_home,T2,0.32,5,,straight,toplight_03
CH0109_home,T2,0.31,6,,PMA,TopLight_03
CH0066_home,T2,0.27,2,,straight,FX_toplight
CH0185_home,T2,0.27,2,,straight,FX_T_Flare
CH0300_home,T2,0.27,47,,?,sea_bokeh_08_1
Mutsuki_newyear_home,T2,0.27,9,,?,M_Screen
CH0225_home,T2,0.26,13,,straight,BG_light_03
Midori_home,T2,0.26,10,,straight,FX_01
Zunko_home,T2,0.26,5,,straight,Hardlight_01D
CH0080_home,T2,0.24,2,,PMA,fx
CH0099_home,T2,0.23,14,,straight,BG-BG_Light_01
Mashiro_home,T2,0.23,4,,straight,FX_lens_flare_01
CH0196_home,T2,0.22,2,,straight,FX_T_Flare
Maki_home,T2,0.22,12,,straight,FX_rainbow flare
CH0288_home,T2,0.2,4,,PMA,fx_light_03
Kirino_home,T2,0.19,4,,?,FX_Screen
CH0255_home,T2,0.18,6,,straight,bg_sofa_fx_light_01
Izuna_home,T2,0.17,3,,straight,water_1
Nagisa_home,T2,0.17,3,,straight,Flare
CH0186_home,T2,0.16,12,,straight,boke_04
LobbyAyane_multi,T2,0.15,1,,straight,fx
CH0304_home,T2,0.14,6,,PMA,bloom_05
CH0344_home,T2,0.14,63,,PMA,building_bloom
CH0218_home,T2,0.13,24,,straight,FX_Boke_01
CH0095_home,T2,0.12,18,,straight,Forearm_light
CH0331_home,T2,0.12,3,,PMA,BG_light_1
CH0319_home,T3,0.1,7,,PMA,block_01_water_e_02_e
CH0346_home,T3,0.09,4,,PMA,lens_flare1
CH0086_home,T3,0.08,10,,straight,01-intro_breath
LobbyNonomi_multi,T3,0.08,2,,PMA,Halo_02_Light
Akane_home,T3,0.07,2,,straight,B_light_02
CH0135_home,T3,0.06,1,,straight,halo_Light
CH0194_home,T3,0.06,31,,straight,halo_01_glow_Light
CH0251_home,T3,0.06,23,,straight,halo_backlight2
LobbySerika_multi,T3,0.05,2,,PMA,Halo_02_Light
Ayane_home,T3,0.04,9,,straight,Screen_02
CH0114_home,T3,0.04,1,,straight,halo_Light
CH0177_home,T3,0.04,367,,straight,hair_light_resource_5
CH0081_home,T3,0.03,52,,straight,Halo_02
CH0190_home,T3,0.03,2,,straight,Halo_02_Light
CH0216_home,T3,0.03,1,,straight,halo2
CH0224_home,T3,0.03,3,,straight,halo_1
CH0325_home,T3,0.03,3,,PMA,bloom_1
Marina_home,T3,0.03,4,,straight,halo_2
CH0139_home,T3,0.02,1,,PMA,halo_Light
CH0347_home,T3,0.02,7,,PMA,FX_1_2
Karin_home,T3,0.01,12,,straight,halo_03
LobbyHoshino_multi,T3,0.01,1,,straight,pc-Light
Sumire_home,T3,0.01,1,,straight,halo_02
CH0198_home,T3,0.0,0,,straight,-
CH0221_home,T3,0.0,0,,PMA,-
CH0242_home,T3,0.0,23,,PMA,B_Redlights_01fx5
CH0246_home,T3,0.0,3,,PMA,Halo_04
CH0264_home,T3,0.0,0,,PMA,-
CH0296_home,T3,0.0,1,,PMA,-
CH0326_home,T3,0.0,1,,PMA,halo2
CH0336_home,T3,0.0,0,,PMA,-
CH0356_home,T3,0.0,1,,PMA,Halo2
Chinatsu_home,T3,0.0,0,,mixed,-
Hihumi_home,T3,0.0,0,,mixed,-
LobbyShiroko_multi,T3,0.0,2,,straight,L_eye_02
Nonomi_home,T3,0.0,0,,straight,-
Shiroko_home,T3,0.0,0,,straight,-
